order_id,order_amount,payment_status,order_status,created_at,order_type,delivery_date
100001,200.00,paid,delivered,"2023-09-14 15:03:10",delivery,2023-09-14
100002,600.00,unpaid,canceled,"2023-09-14 15:14:01",delivery,2023-09-14
100003,200.00,unpaid,canceled,"2023-09-14 15:22:22",delivery,2023-09-14
100004,200.00,unpaid,canceled,"2023-09-14 15:23:15",delivery,2023-09-14
100005,400.00,unpaid,canceled,"2023-09-14 15:42:07",delivery,2023-09-14
100006,200.00,unpaid,canceled,"2023-09-14 15:42:31",delivery,2023-09-14
100007,200.00,paid,delivered,"2023-09-14 16:06:46",delivery,2023-09-14
100008,200.00,paid,delivered,"2023-09-14 16:10:27",delivery,2023-09-14
100009,200.00,paid,delivered,"2023-09-14 16:12:58",delivery,2023-09-14
100010,100.00,unpaid,canceled,"2023-09-15 10:50:39",delivery,2023-09-15
100011,200.00,unpaid,delivered,"2023-09-15 12:07:15",delivery,2023-09-17
100012,100.00,unpaid,canceled,"2023-09-15 21:06:23",delivery,2023-09-16
100013,100.00,unpaid,canceled,"2023-09-15 21:17:13",delivery,2023-09-16
100014,600.00,paid,delivered,"2023-09-16 14:49:59",delivery,2023-09-16
100015,250.00,paid,delivered,"2023-09-16 14:56:37",delivery,2023-09-16
100016,250.00,unpaid,canceled,"2023-09-16 15:07:17",delivery,2023-09-16
100017,850.00,paid,delivered,"2023-09-16 15:16:35",delivery,2023-09-16
100018,250.00,unpaid,canceled,"2023-09-16 15:33:36",delivery,2023-09-16
100019,250.00,unpaid,canceled,"2023-09-16 15:33:57",delivery,2023-09-16
100020,300.00,unpaid,canceled,"2023-09-16 21:25:43",delivery,2023-09-17
100021,200.00,paid,delivered,"2023-09-17 04:47:38",delivery,2023-09-17
100022,200.00,unpaid,delivered,"2023-09-17 05:10:10",delivery,2023-09-17
100023,200.00,paid,delivered,"2023-09-17 05:19:43",delivery,2023-09-17
100024,400.00,unpaid,canceled,"2023-09-18 04:43:40",delivery,2023-09-18
100025,1400.00,unpaid,canceled,"2023-09-18 04:44:01",delivery,2023-09-18
100026,200.00,unpaid,canceled,"2023-09-18 05:47:33",delivery,2023-09-18
100027,200.00,unpaid,canceled,"2023-09-18 06:05:34",delivery,2023-09-18
100028,200.00,paid,delivered,"2023-09-18 06:11:54",delivery,2023-09-18
100029,200.00,unpaid,canceled,"2023-09-18 16:16:23",delivery,2023-09-18
100030,250.00,unpaid,canceled,"2023-09-19 04:55:33",delivery,2023-09-19
100031,200.00,unpaid,canceled,"2023-09-21 05:24:40",delivery,2023-09-21
100032,250.00,unpaid,canceled,"2023-09-21 06:11:43",delivery,2023-09-21
100033,250.00,paid,delivered,"2023-09-21 06:20:05",delivery,2023-09-21
100034,450.00,unpaid,canceled,"2023-09-27 12:17:47",delivery,2023-09-27
100035,750.00,unpaid,canceled,"2023-09-29 10:16:21",delivery,2023-09-29
100036,1180.00,paid,delivered,"2023-10-01 11:52:53",delivery,2023-10-01
100037,1190.00,unpaid,canceled,"2023-10-01 12:15:36",delivery,2023-10-01
100038,650.00,unpaid,canceled,"2023-10-01 12:18:03",delivery,2023-10-01
100039,4500.00,paid,delivered,"2023-10-01 12:26:32",delivery,2023-10-01
100040,12750.00,unpaid,canceled,"2023-10-01 12:48:03",delivery,2023-10-01
100041,12000.00,unpaid,canceled,"2023-10-01 12:49:22",delivery,2023-10-01
100042,2030.00,unpaid,canceled,"2023-10-01 12:52:57",delivery,2023-10-01
100043,150.00,unpaid,canceled,"2023-10-01 13:01:22",delivery,2023-10-01
100044,150.00,paid,canceled,"2023-10-01 13:03:07",delivery,2023-10-01
100045,900.00,unpaid,canceled,"2023-10-01 13:08:06",delivery,2023-10-01
100046,3990.00,unpaid,canceled,"2023-10-01 13:26:13",delivery,2023-10-01
100047,60000.00,unpaid,canceled,"2023-10-01 13:28:21",delivery,2023-10-01
100048,2350.00,unpaid,canceled,"2023-10-01 13:34:50",delivery,2023-10-01
100049,940.00,unpaid,canceled,"2023-10-01 13:36:56",delivery,2023-10-01
100050,450.00,unpaid,canceled,"2023-10-01 13:38:21",delivery,2023-10-01
100051,650.00,unpaid,canceled,"2023-10-02 07:58:16",delivery,2023-10-02
100052,350.00,unpaid,canceled,"2023-10-03 05:31:20",delivery,2023-10-03
100053,750.00,paid,delivered,"2023-10-05 11:15:02",delivery,2023-10-05
100054,300.00,unpaid,canceled,"2023-11-05 13:38:52",delivery,2023-11-05
100055,930.00,unpaid,canceled,"2023-12-15 04:31:57",delivery,2023-12-15
100056,400.00,paid,delivered,"2023-12-15 05:07:32",delivery,2023-12-15
100057,1250.00,paid,delivered,"2023-12-15 05:18:12",delivery,2023-12-15
100058,450.00,unpaid,canceled,"2023-12-15 05:37:44",delivery,2023-12-15
100059,250.00,unpaid,canceled,"2023-12-24 20:45:56",delivery,2023-12-25
100060,500.00,unpaid,canceled,"2023-12-24 20:46:33",delivery,2023-12-25
100061,500.00,unpaid,canceled,"2023-12-24 20:47:34",delivery,2023-12-25
100062,500.00,unpaid,canceled,"2023-12-24 20:48:28",delivery,2023-12-25
100063,500.00,unpaid,delivered,"2023-12-24 20:48:52",delivery,2023-12-25
100064,1000.00,unpaid,delivered,"2023-12-24 20:51:36",delivery,2023-12-25
100065,1000.00,unpaid,delivered,"2023-12-24 20:54:24",delivery,2023-12-25
100066,1000.00,unpaid,delivered,"2023-12-24 20:59:08",delivery,2023-12-25
100067,1000.00,unpaid,delivered,"2023-12-24 21:02:30",delivery,2023-12-25
100068,1350.00,unpaid,canceled,"2023-12-25 04:05:15",delivery,2023-12-25
100069,1300.00,paid,delivered,"2023-12-25 07:44:46",delivery,2023-12-25
100070,750.00,unpaid,delivered,"2023-12-25 07:49:49",delivery,2023-12-25
100071,350.00,unpaid,canceled,"2023-12-25 08:55:18",delivery,2023-12-25
100072,300.00,unpaid,canceled,"2023-12-25 08:58:50",delivery,2023-12-25
100073,350.00,unpaid,canceled,"2023-12-25 09:07:49",delivery,2023-12-25
100074,500.00,unpaid,canceled,"2023-12-26 05:26:54",delivery,2023-12-26
100075,900.00,unpaid,canceled,"2023-12-26 05:36:09",delivery,2023-12-26
100076,450.00,unpaid,canceled,"2023-12-26 07:09:32",delivery,2023-12-26
100077,200.00,paid,delivered,"2023-12-28 05:13:34",delivery,2023-12-28
100078,200.00,paid,delivered,"2023-12-28 05:18:59",delivery,2023-12-28
100079,500.00,unpaid,canceled,"2024-01-08 09:16:49",delivery,2024-01-08
100080,600.00,unpaid,canceled,"2024-04-08 15:52:50",delivery,2024-04-08
100081,600.00,unpaid,canceled,"2024-04-08 16:18:30",delivery,2024-04-08
100082,300.00,unpaid,canceled,"2024-06-02 05:49:19",delivery,2024-06-02
100083,600.00,unpaid,canceled,"2024-06-02 07:22:58",delivery,2024-06-02
100084,400.00,paid,delivered,"2024-06-02 08:02:10",delivery,2024-06-02
100085,350.00,paid,delivered,"2024-06-02 10:26:04",delivery,2024-06-02
100086,250.00,unpaid,canceled,"2024-06-02 10:58:06",delivery,2024-06-02
100087,1400.00,paid,delivered,"2024-06-02 14:10:50",delivery,2024-06-02
100088,400.00,unpaid,canceled,"2024-06-02 15:09:25",delivery,2024-06-02
100089,250.00,paid,delivered,"2024-06-03 10:46:26",delivery,2024-06-03
100090,600.00,paid,delivered,"2024-06-03 11:06:03",delivery,2024-06-03
100091,600.00,paid,delivered,"2024-06-03 13:23:29",delivery,2024-06-03
100092,550.00,paid,delivered,"2024-06-03 15:16:03",delivery,2024-06-03
100093,540.00,unpaid,canceled,"2024-06-03 18:21:37",delivery,2024-06-04
100094,500.00,paid,delivered,"2024-06-04 10:58:04",delivery,2024-06-04
100095,600.00,paid,delivered,"2024-06-04 14:20:16",delivery,2024-06-04
100096,600.00,unpaid,canceled,"2024-06-04 16:08:27",delivery,2024-06-04
100097,600.00,unpaid,canceled,"2024-06-04 16:38:37",delivery,2024-06-04
100098,600.00,unpaid,canceled,"2024-06-04 16:39:10",delivery,2024-06-04
100099,600.00,unpaid,canceled,"2024-06-04 16:40:05",delivery,2024-06-04
100100,600.00,paid,delivered,"2024-06-04 16:40:14",delivery,2024-06-04
100101,600.00,unpaid,canceled,"2024-06-05 05:44:39",delivery,2024-06-05
100102,650.00,paid,delivered,"2024-06-05 05:54:12",delivery,2024-06-05
100103,1350.00,paid,delivered,"2024-06-05 06:25:09",delivery,2024-06-05
100104,700.00,paid,delivered,"2024-06-05 06:55:16",delivery,2024-06-05
100105,600.00,paid,delivered,"2024-06-05 07:33:14",delivery,2024-06-05
100106,500.00,unpaid,canceled,"2024-06-05 08:23:37",delivery,2024-06-05
100107,600.00,paid,delivered,"2024-06-05 08:30:56",delivery,2024-06-05
100108,300.00,paid,delivered,"2024-06-05 08:52:39",delivery,2024-06-05
100109,400.00,paid,delivered,"2024-06-05 08:56:48",delivery,2024-06-05
100110,300.00,unpaid,canceled,"2024-06-05 09:49:42",delivery,2024-06-05
100111,230.00,paid,delivered,"2024-06-05 10:03:28",delivery,2024-06-05
100112,550.00,paid,delivered,"2024-06-05 10:11:52",delivery,2024-06-05
100113,400.00,paid,delivered,"2024-06-05 14:56:09",delivery,2024-06-05
100114,500.00,paid,delivered,"2024-06-05 15:25:13",delivery,2024-06-05
100115,1200.00,paid,delivered,"2024-06-05 15:41:55",delivery,2024-06-05
100116,2500.00,paid,delivered,"2024-06-06 05:25:24",delivery,2024-06-06
100117,230.00,paid,delivered,"2024-06-06 05:29:35",delivery,2024-06-06
100118,400.00,paid,delivered,"2024-06-06 05:36:25",delivery,2024-06-06
100119,1200.00,unpaid,canceled,"2024-06-06 06:25:17",delivery,2024-06-06
100120,800.00,paid,delivered,"2024-06-06 06:46:11",delivery,2024-06-06
100121,1050.00,paid,delivered,"2024-06-06 06:50:43",delivery,2024-06-06
100122,200.00,paid,delivered,"2024-06-06 07:43:00",delivery,2024-06-06
100123,2450.00,paid,delivered,"2024-06-06 12:44:38",delivery,2024-06-06
100124,800.00,paid,delivered,"2024-06-06 13:21:59",delivery,2024-06-06
100125,550.00,paid,delivered,"2024-06-06 13:53:49",delivery,2024-06-06
100126,800.00,paid,delivered,"2024-06-06 15:22:13",delivery,2024-06-06
100127,1300.00,paid,delivered,"2024-06-06 15:36:49",delivery,2024-06-06
100128,600.00,paid,delivered,"2024-06-08 06:19:31",delivery,2024-06-08
100129,350.00,paid,delivered,"2024-06-08 06:57:44",delivery,2024-06-08
100130,900.00,paid,delivered,"2024-06-08 07:41:11",delivery,2024-06-08
100131,850.00,paid,delivered,"2024-06-08 08:40:58",delivery,2024-06-08
100132,300.00,paid,delivered,"2024-06-08 10:11:10",delivery,2024-06-08
100133,380.00,unpaid,canceled,"2024-06-08 15:20:08",delivery,2024-06-08
100134,380.00,paid,delivered,"2024-06-08 15:29:39",delivery,2024-06-08
100135,400.00,unpaid,canceled,"2024-06-09 06:17:09",delivery,2024-06-09
100136,350.00,unpaid,canceled,"2024-06-09 06:22:41",delivery,2024-06-09
100137,350.00,paid,delivered,"2024-06-09 07:38:45",delivery,2024-06-09
100138,3200.00,paid,delivered,"2024-06-09 13:28:15",delivery,2024-06-09
100139,250.00,unpaid,failed,"2024-06-09 13:40:52",delivery,2024-06-09
100140,660.00,paid,delivered,"2024-06-09 14:44:47",delivery,2024-06-09
100141,1590.00,paid,delivered,"2024-06-09 15:10:19",delivery,2024-06-09
100142,600.00,paid,delivered,"2024-06-10 07:30:58",delivery,2024-06-10
100143,350.00,paid,delivered,"2024-06-10 07:31:03",delivery,2024-06-10
100144,1650.00,paid,delivered,"2024-06-10 13:41:46",delivery,2024-06-10
100145,1150.00,paid,delivered,"2024-06-10 14:01:48",delivery,2024-06-10
100146,850.00,paid,delivered,"2024-06-10 14:27:24",delivery,2024-06-10
100147,390.00,paid,delivered,"2024-06-10 14:52:05",delivery,2024-06-10
100148,1850.00,paid,delivered,"2024-06-10 15:31:37",delivery,2024-06-10
100149,650.00,paid,delivered,"2024-06-11 05:40:49",delivery,2024-06-11
100150,290.00,paid,delivered,"2024-06-11 06:51:59",delivery,2024-06-11
100151,600.00,paid,delivered,"2024-06-11 07:09:10",delivery,2024-06-11
100152,550.00,paid,delivered,"2024-06-11 07:37:26",delivery,2024-06-11
100153,150.00,paid,delivered,"2024-06-11 08:06:46",delivery,2024-06-11
100154,380.00,paid,delivered,"2024-06-11 15:45:21",delivery,2024-06-11
100155,450.00,unpaid,canceled,"2024-06-12 04:37:55",delivery,2024-06-12
100156,250.00,paid,delivered,"2024-06-12 05:12:29",delivery,2024-06-12
100157,610.00,paid,delivered,"2024-06-12 05:22:37",delivery,2024-06-12
100158,450.00,paid,delivered,"2024-06-12 06:01:08",delivery,2024-06-12
100159,950.00,paid,delivered,"2024-06-12 06:59:27",delivery,2024-06-12
100160,900.00,paid,delivered,"2024-06-12 07:02:46",delivery,2024-06-12
100161,2500.00,paid,delivered,"2024-06-12 07:03:24",delivery,2024-06-12
100162,500.00,paid,delivered,"2024-06-12 08:17:44",delivery,2024-06-12
100163,630.00,paid,delivered,"2024-06-12 08:24:24",delivery,2024-06-12
100164,3150.00,paid,delivered,"2024-06-12 08:33:17",delivery,2024-06-12
100165,600.00,paid,delivered,"2024-06-12 09:19:52",delivery,2024-06-12
100166,650.00,unpaid,out_for_delivery,"2024-06-12 11:48:31",delivery,2024-06-12
100167,650.00,unpaid,canceled,"2024-06-12 12:11:08",delivery,2024-06-12
100168,2450.00,paid,delivered,"2024-06-12 15:31:52",delivery,2024-06-12
100169,600.00,unpaid,canceled,"2024-06-13 05:05:44",delivery,2024-06-13
100170,600.00,paid,delivered,"2024-06-13 05:25:30",delivery,2024-06-13
100171,2700.00,unpaid,canceled,"2024-06-13 08:42:32",delivery,2024-06-13
100172,280.00,unpaid,canceled,"2024-06-13 09:03:52",delivery,2024-06-13
100173,2300.00,unpaid,canceled,"2024-06-13 09:50:51",delivery,2024-06-13
100174,2150.00,unpaid,canceled,"2024-06-13 10:15:34",delivery,2024-06-13
100175,900.00,unpaid,canceled,"2024-06-13 13:58:49",delivery,2024-06-13
100176,900.00,unpaid,canceled,"2024-06-13 14:23:34",delivery,2024-06-13
100177,750.00,paid,delivered,"2024-06-13 14:27:47",delivery,2024-06-13
100178,1800.00,unpaid,canceled,"2024-06-13 14:39:12",delivery,2024-06-13
100179,1950.00,unpaid,canceled,"2024-06-13 14:45:20",delivery,2024-06-13
100180,1200.00,paid,delivered,"2024-06-13 14:49:03",delivery,2024-06-13
100181,1050.00,paid,delivered,"2024-06-13 14:51:33",delivery,2024-06-13
100182,550.00,paid,delivered,"2024-06-13 15:41:56",delivery,2024-06-13
100183,400.00,unpaid,canceled,"2024-06-15 05:43:58",delivery,2024-06-15
100184,400.00,unpaid,canceled,"2024-06-15 06:45:32",delivery,2024-06-15
100185,300.00,paid,delivered,"2024-06-19 05:39:57",delivery,2024-06-19
100186,500.00,unpaid,canceled,"2024-06-19 07:08:56",delivery,2024-06-19
100187,6600.00,unpaid,canceled,"2024-06-19 07:37:25",delivery,2024-06-19
100188,1000.00,unpaid,canceled,"2024-06-22 06:07:11",delivery,2024-06-22
100189,720.00,paid,delivered,"2024-06-22 09:57:11",delivery,2024-06-22
100190,50.00,unpaid,canceled,"2024-06-22 10:37:34",delivery,2024-06-22
100191,50.00,unpaid,canceled,"2024-06-22 10:41:54",delivery,2024-06-22
100192,50.00,unpaid,canceled,"2024-06-22 10:44:07",delivery,2024-06-22
100193,1400.00,paid,delivered,"2024-06-22 11:32:31",delivery,2024-06-22
100194,550.00,unpaid,canceled,"2024-06-22 14:49:27",delivery,2024-06-22
100195,720.00,paid,delivered,"2024-06-22 14:53:22",delivery,2024-06-22
100196,1400.00,unpaid,canceled,"2024-06-22 15:33:51",delivery,2024-06-22
100197,1300.00,unpaid,canceled,"2024-06-22 15:57:44",delivery,2024-06-22
100198,800.00,paid,delivered,"2024-06-22 16:15:50",delivery,2024-06-22
100199,290.00,paid,delivered,"2024-06-23 05:40:42",delivery,2024-06-23
100200,3500.00,unpaid,canceled,"2024-06-23 06:02:44",delivery,2024-06-23
100201,350.00,unpaid,canceled,"2024-06-23 06:18:03",delivery,2024-06-23
100202,2500.00,paid,delivered,"2024-06-23 06:30:54",delivery,2024-06-23
100203,750.00,paid,delivered,"2024-06-23 07:50:05",delivery,2024-06-23
100204,200.00,unpaid,canceled,"2024-06-23 08:16:29",delivery,2024-06-23
100205,600.00,paid,delivered,"2024-06-23 08:28:40",delivery,2024-06-23
100206,850.00,paid,delivered,"2024-06-23 09:28:50",delivery,2024-06-23
100207,950.00,paid,delivered,"2024-06-23 13:56:15",delivery,2024-06-23
100208,700.00,paid,delivered,"2024-06-24 05:05:15",delivery,2024-06-24
100209,880.00,paid,delivered,"2024-06-24 08:34:04",delivery,2024-06-24
100210,850.00,paid,delivered,"2024-06-24 08:41:04",delivery,2024-06-24
100211,400.00,paid,delivered,"2024-06-24 09:47:36",delivery,2024-06-24
100212,600.00,paid,delivered,"2024-06-24 10:00:44",delivery,2024-06-24
100213,750.00,paid,delivered,"2024-06-24 11:10:08",delivery,2024-06-24
100214,2300.00,paid,delivered,"2024-06-24 13:53:07",delivery,2024-06-24
100215,300.00,paid,delivered,"2024-06-24 13:55:40",delivery,2024-06-24
100216,1050.00,paid,delivered,"2024-06-24 14:01:08",delivery,2024-06-24
100217,850.00,paid,delivered,"2024-06-24 14:12:14",delivery,2024-06-24
100218,600.00,paid,delivered,"2024-06-24 14:42:32",delivery,2024-06-24
100219,350.00,paid,delivered,"2024-06-25 07:49:00",delivery,2024-06-25
100220,550.00,paid,delivered,"2024-06-25 08:04:23",delivery,2024-06-25
100221,800.00,paid,delivered,"2024-06-25 15:22:30",delivery,2024-06-25
100222,1150.00,unpaid,canceled,"2024-06-26 07:51:00",delivery,2024-06-26
100223,1050.00,paid,delivered,"2024-06-26 08:09:58",delivery,2024-06-26
100224,500.00,paid,delivered,"2024-06-26 08:26:47",delivery,2024-06-26
100225,900.00,paid,delivered,"2024-06-26 08:30:07",delivery,2024-06-26
100226,800.00,paid,delivered,"2024-06-26 11:23:33",delivery,2024-06-26
100227,950.00,paid,delivered,"2024-06-26 11:58:16",delivery,2024-06-26
100228,3600.00,paid,delivered,"2024-06-26 13:29:52",delivery,2024-06-26
100229,610.00,paid,delivered,"2024-06-26 13:57:42",delivery,2024-06-26
100230,1200.00,paid,delivered,"2024-06-26 14:37:39",delivery,2024-06-26
100231,600.00,paid,delivered,"2024-06-26 15:45:53",delivery,2024-06-26
100232,1550.00,paid,delivered,"2024-06-27 05:47:20",delivery,2024-06-27
100233,1700.00,paid,delivered,"2024-06-27 06:57:23",delivery,2024-06-27
100234,300.00,paid,delivered,"2024-06-27 08:59:53",delivery,2024-06-27
100235,650.00,paid,delivered,"2024-06-27 09:17:35",delivery,2024-06-27
100236,4950.00,unpaid,canceled,"2024-06-27 09:33:00",delivery,2024-06-27
100237,350.00,paid,delivered,"2024-06-27 10:36:37",delivery,2024-06-27
100238,400.00,paid,delivered,"2024-06-27 11:40:48",delivery,2024-06-27
100239,280.00,paid,delivered,"2024-06-27 11:45:17",delivery,2024-06-27
100240,950.00,paid,delivered,"2024-06-27 12:59:50",delivery,2024-06-27
100241,850.00,paid,delivered,"2024-06-27 14:02:40",delivery,2024-06-27
100242,2150.00,paid,delivered,"2024-06-27 15:25:03",delivery,2024-06-27
100243,4250.00,paid,delivered,"2024-06-29 05:38:19",delivery,2024-06-29
100244,800.00,paid,delivered,"2024-06-29 06:01:59",delivery,2024-06-29
100245,600.00,paid,delivered,"2024-06-29 08:20:45",delivery,2024-06-29
100246,220.00,paid,delivered,"2024-06-29 08:54:11",delivery,2024-06-29
100247,150.00,paid,delivered,"2024-06-29 11:12:02",delivery,2024-06-29
100248,1050.00,paid,delivered,"2024-06-29 11:44:44",delivery,2024-06-29
100249,1740.00,paid,delivered,"2024-06-29 12:50:36",delivery,2024-06-29
100250,600.00,unpaid,canceled,"2024-06-29 16:44:44",delivery,2024-06-29
100251,580.00,paid,delivered,"2024-06-29 16:57:40",delivery,2024-06-29
100252,400.00,paid,delivered,"2024-06-30 05:47:05",delivery,2024-06-30
100253,1400.00,unpaid,delivered,"2024-06-30 08:33:39",delivery,2024-06-30
100254,450.00,unpaid,delivered,"2024-06-30 09:00:11",delivery,2024-06-30
100255,400.00,paid,delivered,"2024-06-30 12:05:25",delivery,2024-06-30
100256,500.00,unpaid,canceled,"2024-06-30 14:45:50",delivery,2024-06-30
100257,500.00,unpaid,canceled,"2024-06-30 14:52:44",delivery,2024-06-30
100258,500.00,paid,delivered,"2024-06-30 15:05:25",delivery,2024-06-30
100259,1050.00,unpaid,delivered,"2024-06-30 15:56:54",delivery,2024-06-30
100260,300.00,paid,delivered,"2024-07-01 06:32:48",delivery,2024-07-01
100261,1800.00,unpaid,canceled,"2024-07-01 06:46:52",delivery,2024-07-01
100262,500.00,paid,delivered,"2024-07-01 08:55:42",delivery,2024-07-01
100263,300.00,paid,delivered,"2024-07-01 09:22:13",delivery,2024-07-01
100264,600.00,paid,delivered,"2024-07-01 11:30:46",delivery,2024-07-01
100265,1900.00,paid,delivered,"2024-07-01 14:03:09",delivery,2024-07-01
100266,1250.00,unpaid,canceled,"2024-07-01 18:21:17",delivery,2024-07-02
100267,1400.00,unpaid,canceled,"2024-07-01 19:27:24",delivery,2024-07-02
100268,900.00,paid,delivered,"2024-07-02 05:26:02",delivery,2024-07-02
100269,300.00,paid,delivered,"2024-07-02 06:44:47",delivery,2024-07-02
100270,990.00,paid,delivered,"2024-07-02 07:54:27",delivery,2024-07-02
100271,250.00,paid,delivered,"2024-07-02 09:01:01",delivery,2024-07-02
100272,600.00,paid,delivered,"2024-07-02 09:08:19",delivery,2024-07-02
100273,430.00,paid,delivered,"2024-07-02 10:23:32",delivery,2024-07-02
100274,800.00,unpaid,canceled,"2024-07-02 11:50:54",delivery,2024-07-02
100275,1050.00,paid,delivered,"2024-07-02 12:18:41",delivery,2024-07-02
100276,600.00,unpaid,canceled,"2024-07-03 07:14:09",delivery,2024-07-03
100277,600.00,unpaid,canceled,"2024-07-03 07:19:14",delivery,2024-07-03
100278,450.00,paid,delivered,"2024-07-03 07:20:31",delivery,2024-07-03
100279,600.00,paid,delivered,"2024-07-03 07:52:52",delivery,2024-07-03
100280,700.00,paid,delivered,"2024-07-03 09:18:41",delivery,2024-07-03
100281,1550.00,unpaid,canceled,"2024-07-03 12:30:54",delivery,2024-07-03
100282,1150.00,paid,delivered,"2024-07-03 13:10:51",delivery,2024-07-03
100283,600.00,unpaid,canceled,"2024-07-04 07:26:19",delivery,2024-07-04
100284,1200.00,paid,delivered,"2024-07-04 08:59:41",delivery,2024-07-04
100285,700.00,paid,delivered,"2024-07-04 09:34:03",delivery,2024-07-04
100286,2400.00,paid,delivered,"2024-07-04 10:30:49",delivery,2024-07-04
100287,750.00,paid,delivered,"2024-07-04 13:09:37",delivery,2024-07-04
100288,900.00,paid,delivered,"2024-07-04 14:36:59",delivery,2024-07-04
100289,600.00,paid,delivered,"2024-07-04 14:46:33",delivery,2024-07-04
100290,400.00,unpaid,canceled,"2024-07-04 15:11:31",delivery,2024-07-04
100291,1640.00,paid,delivered,"2024-07-04 15:20:11",delivery,2024-07-04
100292,400.00,unpaid,canceled,"2024-07-04 15:39:14",delivery,2024-07-04
100293,600.00,paid,delivered,"2024-07-06 06:20:18",delivery,2024-07-06
100294,400.00,unpaid,canceled,"2024-07-06 06:29:42",delivery,2024-07-06
100295,800.00,unpaid,canceled,"2024-07-06 06:31:05",delivery,2024-07-06
100296,800.00,unpaid,canceled,"2024-07-06 06:37:05",delivery,2024-07-06
100297,800.00,unpaid,canceled,"2024-07-06 06:38:15",delivery,2024-07-06
100298,300.00,unpaid,canceled,"2024-07-06 06:40:07",delivery,2024-07-06
100299,800.00,unpaid,canceled,"2024-07-06 06:46:31",delivery,2024-07-06
100300,500.00,paid,delivered,"2024-07-06 07:48:16",delivery,2024-07-06
100301,900.00,paid,delivered,"2024-07-06 08:22:40",delivery,2024-07-06
100302,400.00,unpaid,canceled,"2024-07-06 10:17:35",delivery,2024-07-06
100303,700.00,paid,delivered,"2024-07-06 10:53:21",delivery,2024-07-06
100304,400.00,unpaid,canceled,"2024-07-06 12:32:49",delivery,2024-07-06
100305,580.00,paid,delivered,"2024-07-06 12:43:21",delivery,2024-07-06
100306,500.00,paid,delivered,"2024-07-06 12:50:23",delivery,2024-07-06
100307,400.00,unpaid,canceled,"2024-07-06 12:53:01",delivery,2024-07-06
100308,400.00,unpaid,canceled,"2024-07-06 12:53:58",delivery,2024-07-06
100309,400.00,unpaid,canceled,"2024-07-06 12:54:18",delivery,2024-07-06
100310,400.00,paid,delivered,"2024-07-07 04:49:12",delivery,2024-07-07
100311,250.00,paid,delivered,"2024-07-07 06:21:56",delivery,2024-07-07
100312,1000.00,paid,delivered,"2024-07-07 06:26:03",delivery,2024-07-07
100313,600.00,paid,delivered,"2024-07-07 08:32:43",delivery,2024-07-07
100314,500.00,paid,delivered,"2024-07-07 08:37:49",delivery,2024-07-07
100315,2500.00,paid,delivered,"2024-07-07 08:53:13",delivery,2024-07-07
100316,1010.00,paid,delivered,"2024-07-07 11:18:59",delivery,2024-07-07
100317,1850.00,paid,delivered,"2024-07-07 13:10:59",delivery,2024-07-07
100318,1000.00,paid,delivered,"2024-07-07 15:07:42",delivery,2024-07-07
100319,600.00,paid,delivered,"2024-07-08 06:19:56",delivery,2024-07-08
100320,1050.00,paid,delivered,"2024-07-08 07:54:58",delivery,2024-07-08
100321,600.00,paid,delivered,"2024-07-08 08:30:31",delivery,2024-07-08
100322,1080.00,paid,delivered,"2024-07-08 14:20:34",delivery,2024-07-08
100323,2000.00,paid,delivered,"2024-07-09 06:05:36",delivery,2024-07-09
100324,1450.00,paid,delivered,"2024-07-09 06:37:12",delivery,2024-07-09
100325,600.00,paid,delivered,"2024-07-09 06:54:26",delivery,2024-07-09
100326,1700.00,paid,delivered,"2024-07-09 08:22:33",delivery,2024-07-09
100327,1040.00,unpaid,canceled,"2024-07-09 11:04:15",delivery,2024-07-09
100328,420.00,paid,delivered,"2024-07-09 11:21:35",delivery,2024-07-09
100329,1040.00,unpaid,canceled,"2024-07-09 12:07:01",delivery,2024-07-09
100330,1040.00,unpaid,canceled,"2024-07-09 12:10:26",delivery,2024-07-09
100331,500.00,paid,delivered,"2024-07-09 13:36:11",delivery,2024-07-09
100332,2000.00,paid,delivered,"2024-07-09 13:37:00",delivery,2024-07-09
100333,2000.00,unpaid,canceled,"2024-07-09 13:37:09",delivery,2024-07-09
100334,1050.00,unpaid,canceled,"2024-07-09 14:04:05",delivery,2024-07-09
100335,2000.00,paid,delivered,"2024-07-10 05:43:06",delivery,2024-07-10
100336,700.00,unpaid,canceled,"2024-07-10 05:50:01",delivery,2024-07-10
100337,1500.00,paid,delivered,"2024-07-10 05:57:03",delivery,2024-07-10
100338,700.00,paid,delivered,"2024-07-10 06:05:39",delivery,2024-07-10
100339,700.00,unpaid,canceled,"2024-07-10 06:11:46",delivery,2024-07-10
100340,150.00,paid,delivered,"2024-07-10 06:37:02",delivery,2024-07-10
100341,500.00,paid,delivered,"2024-07-10 06:58:35",delivery,2024-07-10
100342,500.00,paid,delivered,"2024-07-10 06:58:57",delivery,2024-07-10
100343,1800.00,unpaid,canceled,"2024-07-10 07:50:39",delivery,2024-07-10
100344,1900.00,paid,delivered,"2024-07-10 07:56:19",delivery,2024-07-10
100345,450.00,paid,delivered,"2024-07-10 08:34:06",delivery,2024-07-10
100346,500.00,paid,delivered,"2024-07-10 09:06:39",delivery,2024-07-10
100347,1100.00,paid,delivered,"2024-07-10 14:13:33",delivery,2024-07-10
100348,1950.00,paid,delivered,"2024-07-11 05:37:12",delivery,2024-07-11
100349,250.00,paid,delivered,"2024-07-11 06:02:12",delivery,2024-07-11
100350,1150.00,paid,delivered,"2024-07-11 06:13:19",delivery,2024-07-11
100351,400.00,paid,delivered,"2024-07-11 06:50:59",delivery,2024-07-11
100352,1750.00,paid,delivered,"2024-07-11 08:52:27",delivery,2024-07-11
100353,1200.00,paid,delivered,"2024-07-11 09:11:06",delivery,2024-07-11
100354,600.00,paid,delivered,"2024-07-11 10:12:39",delivery,2024-07-11
100355,200.00,unpaid,canceled,"2024-07-11 14:05:19",delivery,2024-07-11
100356,450.00,unpaid,canceled,"2024-07-11 14:07:25",delivery,2024-07-11
100357,850.00,paid,delivered,"2024-07-11 14:40:46",delivery,2024-07-11
100358,320.00,paid,delivered,"2024-07-11 14:54:34",delivery,2024-07-11
100359,1150.00,paid,delivered,"2024-07-13 05:40:56",delivery,2024-07-13
100360,2000.00,paid,delivered,"2024-07-13 05:49:56",delivery,2024-07-13
100361,750.00,paid,delivered,"2024-07-13 06:17:34",delivery,2024-07-13
100362,950.00,paid,delivered,"2024-07-13 06:33:36",delivery,2024-07-13
100363,1800.00,paid,delivered,"2024-07-13 07:21:24",delivery,2024-07-13
100364,900.00,paid,delivered,"2024-07-13 09:26:32",delivery,2024-07-13
100365,1650.00,paid,delivered,"2024-07-13 09:47:21",delivery,2024-07-13
100366,600.00,unpaid,canceled,"2024-07-13 10:14:06",delivery,2024-07-13
100367,750.00,paid,delivered,"2024-07-13 10:21:40",delivery,2024-07-13
100368,1050.00,unpaid,canceled,"2024-07-13 14:00:03",delivery,2024-07-13
100369,1050.00,paid,delivered,"2024-07-13 14:42:54",delivery,2024-07-13
100370,850.00,paid,delivered,"2024-07-13 14:45:08",delivery,2024-07-13
100371,850.00,paid,delivered,"2024-07-13 14:55:33",delivery,2024-07-13
100372,400.00,unpaid,canceled,"2024-07-14 04:08:43",delivery,2024-07-14
100373,950.00,paid,delivered,"2024-07-14 05:35:32",delivery,2024-07-14
100374,600.00,paid,delivered,"2024-07-14 05:57:22",delivery,2024-07-14
100375,150.00,paid,delivered,"2024-07-14 06:45:59",delivery,2024-07-14
100376,650.00,paid,delivered,"2024-07-14 07:42:36",delivery,2024-07-14
100377,1500.00,unpaid,canceled,"2024-07-14 07:44:40",delivery,2024-07-14
100378,1500.00,paid,delivered,"2024-07-14 07:58:09",delivery,2024-07-14
100379,1650.00,paid,delivered,"2024-07-14 08:50:27",delivery,2024-07-14
100380,600.00,paid,delivered,"2024-07-14 10:15:26",delivery,2024-07-14
100381,900.00,paid,delivered,"2024-07-14 11:40:12",delivery,2024-07-14
100382,300.00,paid,delivered,"2024-07-14 11:40:53",delivery,2024-07-14
100383,700.00,paid,delivered,"2024-07-14 12:11:31",delivery,2024-07-14
100384,850.00,paid,delivered,"2024-07-14 13:09:05",delivery,2024-07-14
100385,900.00,paid,delivered,"2024-07-14 14:45:39",delivery,2024-07-14
100386,2140.00,paid,delivered,"2024-07-14 14:48:31",delivery,2024-07-14
100387,200.00,paid,delivered,"2024-07-15 05:48:40",delivery,2024-07-15
100388,800.00,paid,delivered,"2024-07-15 06:08:29",delivery,2024-07-15
100389,270.00,paid,delivered,"2024-07-15 06:12:01",delivery,2024-07-15
100390,900.00,paid,delivered,"2024-07-15 07:00:52",delivery,2024-07-15
100391,2150.00,paid,delivered,"2024-07-15 07:12:03",delivery,2024-07-15
100392,250.00,paid,delivered,"2024-07-15 12:11:44",delivery,2024-07-15
100393,800.00,paid,delivered,"2024-07-15 12:48:06",delivery,2024-07-15
100394,150.00,unpaid,canceled,"2024-07-15 13:32:33",delivery,2024-07-15
100395,700.00,paid,delivered,"2024-07-15 13:44:15",delivery,2024-07-15
100396,400.00,unpaid,failed,"2024-07-15 15:15:10",delivery,2024-07-15
100397,650.00,paid,delivered,"2024-07-16 05:49:26",delivery,2024-07-16
100398,300.00,paid,delivered,"2024-07-16 06:23:19",delivery,2024-07-16
100399,1990.00,paid,delivered,"2024-07-16 06:46:38",delivery,2024-07-16
100400,450.00,unpaid,canceled,"2024-07-16 08:13:28",delivery,2024-07-16
100401,450.00,unpaid,canceled,"2024-07-16 08:17:03",delivery,2024-07-16
100402,450.00,unpaid,canceled,"2024-07-16 08:41:10",delivery,2024-07-16
100403,800.00,unpaid,canceled,"2024-07-16 08:42:39",delivery,2024-07-16
100404,350.00,paid,delivered,"2024-07-16 10:27:57",delivery,2024-07-16
100405,800.00,unpaid,delivered,"2024-07-16 10:34:32",delivery,2024-07-16
100406,150.00,unpaid,canceled,"2024-07-16 11:56:15",delivery,2024-07-16
100407,150.00,paid,delivered,"2024-07-16 12:10:50",delivery,2024-07-16
100408,400.00,paid,delivered,"2024-07-16 12:17:34",delivery,2024-07-16
100409,250.00,unpaid,canceled,"2024-07-16 13:01:08",delivery,2024-07-16
100410,250.00,paid,delivered,"2024-07-16 13:14:19",delivery,2024-07-16
100411,610.00,paid,delivered,"2024-07-16 13:28:22",delivery,2024-07-16
100412,600.00,paid,delivered,"2024-07-16 13:29:59",delivery,2024-07-16
100413,1000.00,paid,delivered,"2024-07-16 13:39:08",delivery,2024-07-16
100414,300.00,paid,delivered,"2024-07-16 14:20:11",delivery,2024-07-16
100415,840.00,paid,delivered,"2024-07-16 14:20:42",delivery,2024-07-16
100416,1150.00,unpaid,delivered,"2024-07-16 14:33:29",delivery,2024-07-16
100417,1250.00,paid,delivered,"2024-07-16 14:36:23",delivery,2024-07-16
100418,1390.00,paid,delivered,"2024-07-16 14:42:44",delivery,2024-07-16
100419,150.00,paid,delivered,"2024-07-17 05:15:55",delivery,2024-07-17
100420,900.00,paid,delivered,"2024-07-17 05:38:34",delivery,2024-07-17
100421,1600.00,paid,delivered,"2024-07-17 05:57:12",delivery,2024-07-17
100422,700.00,unpaid,canceled,"2024-07-17 06:06:19",delivery,2024-07-17
100423,650.00,unpaid,canceled,"2024-07-17 06:10:46",delivery,2024-07-17
100424,600.00,paid,delivered,"2024-07-17 06:29:57",delivery,2024-07-17
100425,750.00,paid,delivered,"2024-07-17 06:36:50",delivery,2024-07-17
100426,970.00,paid,delivered,"2024-07-17 07:37:42",delivery,2024-07-17
100427,650.00,paid,delivered,"2024-07-17 10:39:18",delivery,2024-07-17
100428,1050.00,paid,delivered,"2024-07-17 11:12:35",delivery,2024-07-17
100429,800.00,unpaid,canceled,"2024-07-17 11:33:42",delivery,2024-07-17
100430,600.00,unpaid,delivered,"2024-07-18 06:10:39",delivery,2024-07-18
100431,900.00,paid,delivered,"2024-07-18 06:35:49",delivery,2024-07-18
100432,1600.00,unpaid,canceled,"2024-07-18 07:07:43",delivery,2024-07-18
100433,1500.00,paid,delivered,"2024-07-18 07:09:05",delivery,2024-07-18
100434,400.00,paid,delivered,"2024-07-18 07:46:52",delivery,2024-07-18
100435,900.00,unpaid,delivered,"2024-07-18 08:24:40",delivery,2024-07-18
100436,700.00,paid,delivered,"2024-07-18 08:39:07",delivery,2024-07-18
100437,1200.00,paid,delivered,"2024-07-18 11:19:42",delivery,2024-07-18
100438,1200.00,paid,delivered,"2024-07-18 11:50:34",delivery,2024-07-18
100439,1350.00,paid,delivered,"2024-07-18 14:14:20",delivery,2024-07-18
100440,450.00,unpaid,canceled,"2024-07-18 14:20:53",delivery,2024-07-18
100441,350.00,paid,delivered,"2024-07-18 14:35:06",delivery,2024-07-18
100442,500.00,paid,delivered,"2024-07-18 15:13:01",delivery,2024-07-18
100443,1750.00,paid,delivered,"2024-07-20 05:24:55",delivery,2024-07-20
100444,250.00,paid,delivered,"2024-07-20 06:55:36",delivery,2024-07-20
100445,500.00,paid,delivered,"2024-07-20 07:11:10",delivery,2024-07-20
100446,700.00,unpaid,canceled,"2024-07-20 07:23:24",delivery,2024-07-20
100447,900.00,paid,delivered,"2024-07-20 07:42:19",delivery,2024-07-20
100448,100.00,paid,delivered,"2024-07-20 07:48:19",delivery,2024-07-20
100449,1650.00,paid,delivered,"2024-07-20 08:25:50",delivery,2024-07-20
100450,1750.00,paid,delivered,"2024-07-20 08:42:42",delivery,2024-07-20
100451,200.00,paid,delivered,"2024-07-20 09:15:23",delivery,2024-07-20
100452,300.00,unpaid,canceled,"2024-07-20 09:51:06",delivery,2024-07-20
100453,850.00,paid,delivered,"2024-07-20 11:09:49",delivery,2024-07-20
100454,50.00,paid,delivered,"2024-07-20 12:32:59",delivery,2024-07-20
100455,600.00,paid,delivered,"2024-07-20 12:35:15",delivery,2024-07-20
100456,4000.00,paid,delivered,"2024-07-20 13:16:08",delivery,2024-07-20
100457,3250.00,paid,delivered,"2024-07-20 13:32:15",delivery,2024-07-20
100458,900.00,paid,delivered,"2024-07-20 13:51:18",delivery,2024-07-20
100459,700.00,paid,delivered,"2024-07-20 14:00:18",delivery,2024-07-20
100460,450.00,paid,delivered,"2024-07-20 15:07:12",delivery,2024-07-20
100461,950.00,unpaid,canceled,"2024-07-21 05:27:47",delivery,2024-07-21
100462,500.00,paid,delivered,"2024-07-21 05:47:02",delivery,2024-07-21
100463,400.00,paid,delivered,"2024-07-21 05:53:32",delivery,2024-07-21
100464,700.00,paid,delivered,"2024-07-21 05:53:34",delivery,2024-07-21
100465,1400.00,paid,delivered,"2024-07-21 06:11:45",delivery,2024-07-21
100466,1000.00,paid,delivered,"2024-07-21 06:20:08",delivery,2024-07-21
100467,600.00,paid,delivered,"2024-07-21 06:34:16",delivery,2024-07-21
100468,600.00,unpaid,canceled,"2024-07-21 06:35:02",delivery,2024-07-21
100469,600.00,unpaid,canceled,"2024-07-21 06:40:44",delivery,2024-07-21
100470,350.00,paid,delivered,"2024-07-21 06:43:47",delivery,2024-07-21
100471,1600.00,paid,delivered,"2024-07-21 07:23:11",delivery,2024-07-21
100472,700.00,paid,delivered,"2024-07-21 09:45:15",delivery,2024-07-21
100473,1650.00,paid,delivered,"2024-07-21 09:52:42",delivery,2024-07-21
100474,2550.00,paid,delivered,"2024-07-21 11:59:38",delivery,2024-07-21
100475,1650.00,paid,delivered,"2024-07-21 14:07:30",delivery,2024-07-21
100476,1150.00,paid,delivered,"2024-07-21 14:13:56",delivery,2024-07-21
100477,1150.00,paid,delivered,"2024-07-21 15:24:30",delivery,2024-07-21
100478,700.00,paid,delivered,"2024-07-22 05:53:06",delivery,2024-07-22
100479,100.00,paid,delivered,"2024-07-22 06:51:38",delivery,2024-07-22
100480,500.00,paid,delivered,"2024-07-22 07:01:14",delivery,2024-07-22
100481,300.00,paid,delivered,"2024-07-22 07:09:20",delivery,2024-07-22
100482,1600.00,paid,delivered,"2024-07-22 08:20:11",delivery,2024-07-22
100483,1650.00,paid,delivered,"2024-07-22 08:20:38",delivery,2024-07-22
100484,1400.00,paid,delivered,"2024-07-22 09:08:36",delivery,2024-07-22
100485,100.00,paid,delivered,"2024-07-22 10:07:56",delivery,2024-07-22
100486,1000.00,paid,delivered,"2024-07-22 11:54:26",delivery,2024-07-22
100487,1200.00,paid,delivered,"2024-07-22 12:38:07",delivery,2024-07-22
100488,800.00,unpaid,canceled,"2024-07-22 13:56:44",delivery,2024-07-22
100489,2150.00,paid,delivered,"2024-07-22 14:30:04",delivery,2024-07-22
100490,100.00,paid,delivered,"2024-07-22 14:44:45",delivery,2024-07-22
100491,450.00,paid,delivered,"2024-07-22 15:14:28",delivery,2024-07-22
100492,350.00,paid,delivered,"2024-07-23 05:10:50",delivery,2024-07-23
100493,350.00,paid,delivered,"2024-07-23 05:37:33",delivery,2024-07-23
100494,700.00,unpaid,canceled,"2024-07-23 06:06:11",delivery,2024-07-23
100495,700.00,paid,delivered,"2024-07-23 06:41:30",delivery,2024-07-23
100496,950.00,paid,delivered,"2024-07-23 06:58:25",delivery,2024-07-23
100497,700.00,unpaid,canceled,"2024-07-23 07:44:26",delivery,2024-07-23
100498,2500.00,paid,delivered,"2024-07-23 08:28:05",delivery,2024-07-23
100499,700.00,paid,delivered,"2024-07-23 08:44:41",delivery,2024-07-23
100500,400.00,unpaid,canceled,"2024-07-23 10:09:13",delivery,2024-07-23
100501,950.00,paid,delivered,"2024-07-23 11:32:55",delivery,2024-07-23
100502,2150.00,unpaid,canceled,"2024-07-23 11:57:58",delivery,2024-07-23
100503,2400.00,unpaid,canceled,"2024-07-23 12:29:41",delivery,2024-07-23
100504,2400.00,unpaid,canceled,"2024-07-23 12:42:43",delivery,2024-07-23
100505,2000.00,paid,delivered,"2024-07-23 12:51:13",delivery,2024-07-23
100506,600.00,paid,delivered,"2024-07-23 13:25:54",delivery,2024-07-23
100507,600.00,paid,delivered,"2024-07-23 13:56:27",delivery,2024-07-23
100508,650.00,unpaid,canceled,"2024-07-23 15:50:21",delivery,2024-07-23
100509,750.00,paid,delivered,"2024-07-23 15:56:15",delivery,2024-07-23
100510,900.00,unpaid,canceled,"2024-07-23 16:15:57",delivery,2024-07-23
100511,550.00,unpaid,canceled,"2024-07-24 06:18:22",delivery,2024-07-24
100512,300.00,paid,delivered,"2024-07-24 06:35:23",delivery,2024-07-24
100513,450.00,paid,delivered,"2024-07-24 06:56:17",delivery,2024-07-24
100514,1300.00,unpaid,canceled,"2024-07-24 07:34:54",delivery,2024-07-24
100515,1300.00,unpaid,canceled,"2024-07-24 07:39:26",delivery,2024-07-24
100516,1100.00,paid,delivered,"2024-07-24 07:49:47",delivery,2024-07-24
100517,1250.00,unpaid,canceled,"2024-07-24 07:56:13",delivery,2024-07-24
100518,100.00,unpaid,canceled,"2024-07-24 08:26:32",delivery,2024-07-24
100519,400.00,paid,delivered,"2024-07-24 08:39:11",delivery,2024-07-24
100520,370.00,paid,delivered,"2024-07-24 09:34:53",delivery,2024-07-24
100521,650.00,paid,delivered,"2024-07-24 13:42:36",delivery,2024-07-24
100522,1450.00,paid,delivered,"2024-07-24 13:47:04",delivery,2024-07-24
100523,520.00,paid,delivered,"2024-07-24 13:54:20",delivery,2024-07-24
100524,50.00,paid,delivered,"2024-07-24 14:03:20",delivery,2024-07-24
100525,600.00,paid,delivered,"2024-07-24 14:23:41",delivery,2024-07-24
100526,300.00,unpaid,canceled,"2024-07-24 18:34:03",delivery,2024-07-25
100527,1500.00,paid,delivered,"2024-07-24 18:34:54",delivery,2024-07-25
100528,10200.00,paid,delivered,"2024-07-24 20:58:13",delivery,2024-07-25
100529,900.00,paid,delivered,"2024-07-25 05:46:21",delivery,2024-07-25
100530,600.00,paid,delivered,"2024-07-25 06:01:12",delivery,2024-07-25
100531,500.00,paid,delivered,"2024-07-25 07:42:49",delivery,2024-07-25
100532,220.00,paid,delivered,"2024-07-25 08:11:14",delivery,2024-07-25
100533,750.00,paid,delivered,"2024-07-25 08:35:43",delivery,2024-07-25
100534,700.00,paid,delivered,"2024-07-25 09:13:30",delivery,2024-07-25
100535,350.00,paid,delivered,"2024-07-25 09:51:18",delivery,2024-07-25
100536,350.00,unpaid,canceled,"2024-07-25 09:52:05",delivery,2024-07-25
100537,520.00,paid,delivered,"2024-07-25 10:54:55",delivery,2024-07-25
100538,550.00,unpaid,canceled,"2024-07-25 12:05:13",delivery,2024-07-25
100539,200.00,paid,delivered,"2024-07-25 13:33:11",delivery,2024-07-25
100540,2110.00,paid,delivered,"2024-07-25 14:01:43",delivery,2024-07-25
100541,700.00,unpaid,canceled,"2024-07-25 14:14:48",delivery,2024-07-25
100542,500.00,paid,delivered,"2024-07-25 14:26:36",delivery,2024-07-25
100543,700.00,paid,delivered,"2024-07-25 14:27:53",delivery,2024-07-25
100544,600.00,paid,delivered,"2024-07-25 14:40:43",delivery,2024-07-25
100545,350.00,unpaid,canceled,"2024-07-25 15:02:51",delivery,2024-07-25
100546,1100.00,paid,delivered,"2024-07-25 15:35:28",delivery,2024-07-25
100547,700.00,unpaid,canceled,"2024-07-25 15:59:25",delivery,2024-07-25
100548,300.00,paid,delivered,"2024-07-27 05:46:44",delivery,2024-07-27
100549,950.00,unpaid,canceled,"2024-07-27 05:51:21",delivery,2024-07-27
100550,400.00,paid,delivered,"2024-07-27 05:57:38",delivery,2024-07-27
100551,450.00,unpaid,canceled,"2024-07-27 06:03:07",delivery,2024-07-27
100552,950.00,unpaid,canceled,"2024-07-27 06:18:31",delivery,2024-07-27
100553,350.00,unpaid,canceled,"2024-07-27 06:55:57",delivery,2024-07-27
100554,700.00,unpaid,canceled,"2024-07-27 07:03:04",delivery,2024-07-27
100555,1000.00,paid,delivered,"2024-07-27 07:06:47",delivery,2024-07-27
100556,1650.00,paid,delivered,"2024-07-27 07:55:48",delivery,2024-07-27
100557,750.00,paid,delivered,"2024-07-27 13:51:43",delivery,2024-07-27
100558,1030.00,unpaid,canceled,"2024-07-27 14:04:27",delivery,2024-07-27
100559,320.00,paid,delivered,"2024-07-27 14:15:07",delivery,2024-07-27
100560,1300.00,unpaid,canceled,"2024-07-27 14:15:50",delivery,2024-07-27
100561,650.00,unpaid,canceled,"2024-07-27 14:43:40",delivery,2024-07-27
100562,1100.00,paid,delivered,"2024-07-27 15:26:25",delivery,2024-07-27
100563,450.00,unpaid,canceled,"2024-07-28 05:18:45",delivery,2024-07-28
100564,350.00,paid,delivered,"2024-07-28 05:47:42",delivery,2024-07-28
100565,700.00,paid,delivered,"2024-07-28 06:21:37",delivery,2024-07-28
100566,400.00,paid,delivered,"2024-07-28 09:46:50",delivery,2024-07-28
100567,750.00,unpaid,canceled,"2024-07-28 12:42:30",delivery,2024-07-28
100568,1250.00,paid,delivered,"2024-07-28 13:12:47",delivery,2024-07-28
100569,360.00,paid,delivered,"2024-07-28 13:29:23",delivery,2024-07-28
100570,750.00,paid,delivered,"2024-07-28 13:43:59",delivery,2024-07-28
100571,1400.00,paid,delivered,"2024-07-28 14:21:57",delivery,2024-07-28
100572,70.00,paid,delivered,"2024-07-28 15:24:26",delivery,2024-07-28
100573,700.00,unpaid,canceled,"2024-07-29 05:52:17",delivery,2024-07-29
100574,600.00,unpaid,canceled,"2024-07-29 06:08:29",delivery,2024-07-29
100575,800.00,unpaid,canceled,"2024-07-29 06:40:14",delivery,2024-07-29
100576,600.00,paid,delivered,"2024-07-29 07:50:07",delivery,2024-07-29
100577,1150.00,paid,delivered,"2024-07-29 11:32:12",delivery,2024-07-29
100578,1750.00,paid,delivered,"2024-07-29 12:04:27",delivery,2024-07-29
100579,360.00,paid,delivered,"2024-07-29 12:32:00",delivery,2024-07-29
100580,500.00,paid,delivered,"2024-07-30 05:11:34",delivery,2024-07-30
100581,800.00,paid,delivered,"2024-07-30 05:33:37",delivery,2024-07-30
100582,400.00,unpaid,canceled,"2024-07-30 05:34:50",delivery,2024-07-30
100583,900.00,unpaid,delivered,"2024-07-30 05:38:47",delivery,2024-07-30
100584,500.00,unpaid,canceled,"2024-07-30 05:43:44",delivery,2024-07-30
100585,300.00,unpaid,delivered,"2024-07-30 05:48:23",delivery,2024-07-30
100586,150.00,unpaid,canceled,"2024-07-30 06:16:27",delivery,2024-07-30
100587,900.00,unpaid,canceled,"2024-07-30 06:33:44",delivery,2024-07-30
100588,800.00,paid,delivered,"2024-07-30 08:38:12",delivery,2024-07-30
100589,520.00,unpaid,canceled,"2024-07-30 13:08:08",delivery,2024-07-30
100590,390.00,paid,delivered,"2024-07-30 13:10:57",delivery,2024-07-30
100591,1150.00,paid,delivered,"2024-07-30 13:42:52",delivery,2024-07-30
100592,1600.00,paid,delivered,"2024-07-30 13:49:38",delivery,2024-07-30
100593,700.00,paid,delivered,"2024-07-30 13:51:26",delivery,2024-07-30
100594,1200.00,unpaid,canceled,"2024-07-30 14:23:41",delivery,2024-07-30
100595,50.00,unpaid,canceled,"2024-07-31 06:21:09",delivery,2024-07-31
100596,50.00,unpaid,canceled,"2024-07-31 06:40:31",delivery,2024-07-31
100597,50.00,unpaid,canceled,"2024-07-31 06:43:20",delivery,2024-07-31
100598,1350.00,paid,delivered,"2024-07-31 07:07:31",delivery,2024-07-31
100599,400.00,paid,delivered,"2024-07-31 08:28:17",delivery,2024-07-31
100600,1000.00,unpaid,canceled,"2024-07-31 08:57:00",delivery,2024-07-31
100601,360.00,paid,delivered,"2024-07-31 13:16:42",delivery,2024-07-31
100602,1000.00,paid,delivered,"2024-07-31 13:40:19",delivery,2024-07-31
100603,1000.00,unpaid,canceled,"2024-07-31 13:54:54",delivery,2024-07-31
100604,3400.00,paid,delivered,"2024-07-31 14:16:16",delivery,2024-07-31
100605,450.00,unpaid,canceled,"2024-07-31 14:31:25",delivery,2024-07-31
100606,150.00,unpaid,canceled,"2024-07-31 14:55:37",delivery,2024-07-31
100607,1900.00,paid,delivered,"2024-08-01 14:54:34",delivery,2024-08-01
100608,1400.00,paid,delivered,"2024-08-03 07:52:02",delivery,2024-08-03
100609,200.00,unpaid,canceled,"2024-08-03 16:25:48",delivery,2024-08-03
100610,550.00,unpaid,canceled,"2024-08-04 11:52:56",delivery,2024-08-04
100611,550.00,unpaid,canceled,"2024-08-04 12:05:32",delivery,2024-08-04
100612,700.00,paid,delivered,"2024-08-04 12:08:27",delivery,2024-08-04
100613,350.00,unpaid,canceled,"2024-08-04 14:09:48",delivery,2024-08-04
100614,350.00,unpaid,canceled,"2024-08-04 14:12:08",delivery,2024-08-04
100615,200.00,paid,delivered,"2024-08-04 14:13:18",delivery,2024-08-04
100616,650.00,unpaid,canceled,"2024-08-04 19:42:20",delivery,2024-08-05
100617,750.00,paid,delivered,"2024-08-05 05:50:54",delivery,2024-08-05
100618,700.00,unpaid,canceled,"2024-08-05 06:28:39",delivery,2024-08-05
100619,700.00,unpaid,canceled,"2024-08-05 06:43:06",delivery,2024-08-05
100620,450.00,unpaid,canceled,"2024-08-05 14:25:57",delivery,2024-08-05
100621,450.00,unpaid,canceled,"2024-08-05 14:27:16",delivery,2024-08-05
100622,550.00,unpaid,canceled,"2024-08-05 18:29:15",delivery,2024-08-06
100623,1400.00,unpaid,canceled,"2024-08-06 14:12:29",delivery,2024-08-06
100624,500.00,unpaid,canceled,"2024-08-06 14:35:22",delivery,2024-08-06
100625,350.00,unpaid,canceled,"2024-08-06 14:46:49",delivery,2024-08-06
100626,900.00,unpaid,canceled,"2024-08-06 14:49:30",delivery,2024-08-06
100627,700.00,unpaid,canceled,"2024-08-06 14:57:19",delivery,2024-08-06
100628,900.00,unpaid,canceled,"2024-08-06 15:14:36",delivery,2024-08-06
100629,850.00,unpaid,canceled,"2024-08-06 15:28:50",delivery,2024-08-06
100630,450.00,unpaid,canceled,"2024-08-07 04:13:17",delivery,2024-08-07
100631,300.00,unpaid,canceled,"2024-08-07 07:42:11",delivery,2024-08-07
100632,300.00,paid,delivered,"2024-08-07 07:51:18",delivery,2024-08-07
100633,1800.00,unpaid,canceled,"2024-08-07 11:29:50",delivery,2024-08-07
100634,850.00,unpaid,canceled,"2024-08-08 09:40:12",delivery,2024-08-08
100635,50.00,unpaid,canceled,"2024-08-08 12:20:45",delivery,2024-08-08
100636,750.00,unpaid,canceled,"2024-08-08 13:01:32",delivery,2024-08-08
100637,750.00,unpaid,canceled,"2024-08-08 13:13:42",delivery,2024-08-08
100638,700.00,paid,delivered,"2024-08-10 05:42:00",delivery,2024-08-10
100639,2200.00,paid,delivered,"2024-08-10 06:56:32",delivery,2024-08-10
100640,950.00,paid,delivered,"2024-08-10 09:31:29",delivery,2024-08-10
100641,500.00,paid,delivered,"2024-08-10 12:43:09",delivery,2024-08-10
100642,500.00,paid,delivered,"2024-08-10 13:04:43",delivery,2024-08-10
100643,950.00,unpaid,canceled,"2024-08-10 13:22:28",delivery,2024-08-10
100644,400.00,paid,delivered,"2024-08-11 06:13:15",delivery,2024-08-11
100645,950.00,paid,delivered,"2024-08-11 06:57:50",delivery,2024-08-11
100646,250.00,unpaid,canceled,"2024-08-11 07:23:55",delivery,2024-08-11
100647,500.00,paid,delivered,"2024-08-11 07:55:25",delivery,2024-08-11
100648,900.00,paid,delivered,"2024-08-11 12:18:47",delivery,2024-08-11
100649,600.00,paid,delivered,"2024-08-11 12:38:11",delivery,2024-08-11
100650,850.00,paid,delivered,"2024-08-11 14:07:55",delivery,2024-08-11
100651,1400.00,paid,delivered,"2024-08-11 14:21:09",delivery,2024-08-11
100652,500.00,paid,delivered,"2024-08-11 14:44:41",delivery,2024-08-11
100653,1500.00,unpaid,canceled,"2024-08-11 15:05:10",delivery,2024-08-11
100654,1200.00,unpaid,canceled,"2024-08-12 05:14:39",delivery,2024-08-12
100655,1350.00,paid,delivered,"2024-08-12 05:17:54",delivery,2024-08-12
100656,1400.00,paid,delivered,"2024-08-12 06:02:38",delivery,2024-08-12
100657,1750.00,unpaid,canceled,"2024-08-12 06:03:18",delivery,2024-08-12
100658,1250.00,paid,delivered,"2024-08-12 06:11:51",delivery,2024-08-12
100659,1250.00,unpaid,canceled,"2024-08-12 06:15:31",delivery,2024-08-12
100660,2950.00,unpaid,canceled,"2024-08-12 06:28:07",delivery,2024-08-12
100661,1850.00,paid,delivered,"2024-08-12 06:29:19",delivery,2024-08-12
100662,850.00,unpaid,canceled,"2024-08-12 06:41:01",delivery,2024-08-12
100663,3300.00,paid,delivered,"2024-08-12 07:11:02",delivery,2024-08-12
100664,250.00,paid,delivered,"2024-08-12 07:50:11",delivery,2024-08-12
100665,700.00,paid,delivered,"2024-08-12 11:19:18",delivery,2024-08-12
100666,350.00,paid,delivered,"2024-08-12 13:17:24",delivery,2024-08-12
100667,300.00,paid,delivered,"2024-08-12 14:20:01",delivery,2024-08-12
100668,450.00,paid,delivered,"2024-08-12 15:14:25",delivery,2024-08-12
100669,400.00,unpaid,canceled,"2024-08-12 15:59:01",delivery,2024-08-12
100670,342.00,paid,delivered,"2024-08-13 05:27:51",delivery,2024-08-13
100671,450.00,paid,delivered,"2024-08-13 05:49:52",delivery,2024-08-13
100672,900.00,paid,delivered,"2024-08-13 05:51:16",delivery,2024-08-13
100673,1950.00,paid,delivered,"2024-08-13 06:16:37",delivery,2024-08-13
100674,1330.00,paid,delivered,"2024-08-13 09:29:17",delivery,2024-08-13
100675,300.00,paid,delivered,"2024-08-13 10:16:39",delivery,2024-08-13
100676,2400.00,paid,delivered,"2024-08-13 11:49:37",delivery,2024-08-13
100677,750.00,paid,delivered,"2024-08-13 13:11:28",delivery,2024-08-13
100678,350.00,paid,delivered,"2024-08-13 13:27:19",delivery,2024-08-13
100679,700.00,unpaid,delivered,"2024-08-13 14:30:39",delivery,2024-08-13
100680,550.00,paid,delivered,"2024-08-13 14:39:47",delivery,2024-08-13
100681,700.00,paid,delivered,"2024-08-13 14:58:39",delivery,2024-08-13
100682,1800.00,unpaid,canceled,"2024-08-13 15:19:00",delivery,2024-08-13
100683,1800.00,unpaid,canceled,"2024-08-13 15:27:02",delivery,2024-08-13
100684,1800.00,unpaid,canceled,"2024-08-13 15:44:48",delivery,2024-08-13
100685,950.00,paid,delivered,"2024-08-14 05:20:08",delivery,2024-08-14
100686,600.00,paid,delivered,"2024-08-14 05:32:49",delivery,2024-08-14
100687,450.00,unpaid,canceled,"2024-08-14 07:04:01",delivery,2024-08-14
100688,1400.00,paid,delivered,"2024-08-14 07:28:43",delivery,2024-08-14
100689,500.00,unpaid,canceled,"2024-08-14 09:08:23",delivery,2024-08-14
100690,400.00,unpaid,canceled,"2024-08-14 09:20:33",delivery,2024-08-14
100691,400.00,paid,delivered,"2024-08-14 09:21:05",delivery,2024-08-14
100692,1300.00,paid,delivered,"2024-08-14 09:21:57",delivery,2024-08-14
100693,350.00,paid,delivered,"2024-08-14 09:30:52",delivery,2024-08-14
100694,700.00,unpaid,canceled,"2024-08-14 11:05:35",delivery,2024-08-14
100695,1250.00,paid,delivered,"2024-08-14 11:44:17",delivery,2024-08-14
100696,1200.00,paid,delivered,"2024-08-14 13:01:49",delivery,2024-08-14
100697,350.00,paid,delivered,"2024-08-14 13:18:16",delivery,2024-08-14
100698,600.00,paid,delivered,"2024-08-14 13:49:11",delivery,2024-08-14
100699,400.00,paid,delivered,"2024-08-15 06:04:42",delivery,2024-08-15
100700,930.00,paid,delivered,"2024-08-15 06:08:26",delivery,2024-08-15
100701,800.00,paid,delivered,"2024-08-15 06:50:06",delivery,2024-08-15
100702,450.00,unpaid,canceled,"2024-08-15 07:31:33",delivery,2024-08-15
100703,150.00,paid,delivered,"2024-08-15 07:37:10",delivery,2024-08-15
100704,600.00,paid,delivered,"2024-08-15 08:55:49",delivery,2024-08-15
100705,420.00,unpaid,canceled,"2024-08-15 11:55:45",delivery,2024-08-15
100706,450.00,unpaid,delivered,"2024-08-15 12:08:16",delivery,2024-08-15
100707,1300.00,unpaid,canceled,"2024-08-15 14:13:08",delivery,2024-08-15
100708,350.00,paid,delivered,"2024-08-15 14:13:37",delivery,2024-08-15
100709,1000.00,paid,delivered,"2024-08-15 14:26:23",delivery,2024-08-15
100710,350.00,unpaid,canceled,"2024-08-15 15:26:48",delivery,2024-08-15
100711,1500.00,paid,delivered,"2024-08-17 05:06:05",delivery,2024-08-17
100712,500.00,paid,delivered,"2024-08-17 05:34:24",delivery,2024-08-17
100713,270.00,paid,delivered,"2024-08-17 06:00:39",delivery,2024-08-17
100714,850.00,paid,delivered,"2024-08-17 06:18:51",delivery,2024-08-17
100715,1350.00,paid,delivered,"2024-08-17 06:43:32",delivery,2024-08-17
100716,650.00,paid,delivered,"2024-08-17 06:48:20",delivery,2024-08-17
100717,1000.00,paid,delivered,"2024-08-17 07:41:12",delivery,2024-08-17
100718,370.00,unpaid,canceled,"2024-08-17 08:30:20",delivery,2024-08-17
100719,370.00,unpaid,canceled,"2024-08-17 08:37:22",delivery,2024-08-17
100720,370.00,paid,delivered,"2024-08-17 08:41:30",delivery,2024-08-17
100721,450.00,paid,delivered,"2024-08-17 12:28:56",delivery,2024-08-17
100722,1700.00,paid,delivered,"2024-08-17 12:43:18",delivery,2024-08-17
100723,300.00,paid,delivered,"2024-08-17 12:47:44",delivery,2024-08-17
100724,2100.00,paid,delivered,"2024-08-17 13:46:51",delivery,2024-08-17
100725,750.00,paid,delivered,"2024-08-17 13:50:21",delivery,2024-08-17
100726,1400.00,unpaid,canceled,"2024-08-17 13:50:25",delivery,2024-08-17
100727,700.00,paid,delivered,"2024-08-17 13:57:27",delivery,2024-08-17
100728,1400.00,paid,delivered,"2024-08-17 13:58:12",delivery,2024-08-17
100729,2350.00,unpaid,canceled,"2024-08-17 14:03:12",delivery,2024-08-17
100730,1950.00,paid,delivered,"2024-08-17 14:30:56",delivery,2024-08-17
100731,600.00,unpaid,canceled,"2024-08-17 16:50:11",delivery,2024-08-17
100732,450.00,unpaid,canceled,"2024-08-17 19:34:32",delivery,2024-08-18
100733,300.00,unpaid,canceled,"2024-08-18 04:00:18",delivery,2024-08-18
100734,1140.00,paid,delivered,"2024-08-18 05:20:39",delivery,2024-08-18
100735,650.00,unpaid,canceled,"2024-08-18 05:31:29",delivery,2024-08-18
100736,300.00,paid,delivered,"2024-08-18 06:06:05",delivery,2024-08-18
100737,900.00,paid,delivered,"2024-08-18 08:32:35",delivery,2024-08-18
100738,50.00,paid,delivered,"2024-08-18 12:06:16",delivery,2024-08-18
100739,500.00,paid,delivered,"2024-08-18 13:27:37",delivery,2024-08-18
100740,400.00,paid,delivered,"2024-08-18 13:49:56",delivery,2024-08-18
100741,880.00,paid,delivered,"2024-08-18 15:00:32",delivery,2024-08-18
100742,740.00,paid,delivered,"2024-08-18 15:25:33",delivery,2024-08-18
100743,1050.00,unpaid,canceled,"2024-08-19 05:28:46",delivery,2024-08-19
100744,1200.00,unpaid,canceled,"2024-08-19 05:59:24",delivery,2024-08-19
100745,3300.00,paid,delivered,"2024-08-19 06:15:31",delivery,2024-08-19
100746,450.00,paid,delivered,"2024-08-19 06:16:47",delivery,2024-08-19
100747,600.00,paid,delivered,"2024-08-19 07:11:50",delivery,2024-08-19
100748,440.00,paid,delivered,"2024-08-19 07:18:43",delivery,2024-08-19
100749,1000.00,paid,delivered,"2024-08-19 09:45:29",delivery,2024-08-19
100750,1150.00,paid,delivered,"2024-08-19 13:15:44",delivery,2024-08-19
100751,800.00,paid,delivered,"2024-08-19 13:41:17",delivery,2024-08-19
100752,700.00,paid,delivered,"2024-08-19 13:55:05",delivery,2024-08-19
100753,1750.00,paid,delivered,"2024-08-19 14:02:21",delivery,2024-08-19
100754,350.00,paid,delivered,"2024-08-19 14:19:42",delivery,2024-08-19
100755,890.00,paid,delivered,"2024-08-19 14:41:37",delivery,2024-08-19
100756,400.00,unpaid,canceled,"2024-08-19 15:06:06",delivery,2024-08-19
100757,450.00,paid,delivered,"2024-08-20 06:03:28",delivery,2024-08-20
100758,800.00,paid,delivered,"2024-08-20 06:22:53",delivery,2024-08-20
100759,470.00,paid,delivered,"2024-08-20 06:27:29",delivery,2024-08-20
100760,600.00,paid,delivered,"2024-08-20 07:20:42",delivery,2024-08-20
100761,400.00,paid,delivered,"2024-08-20 11:16:46",delivery,2024-08-20
100762,1300.00,paid,delivered,"2024-08-20 12:13:17",delivery,2024-08-20
100763,250.00,paid,delivered,"2024-08-20 12:51:28",delivery,2024-08-20
100764,1350.00,paid,delivered,"2024-08-20 12:52:30",delivery,2024-08-20
100765,800.00,unpaid,canceled,"2024-08-20 14:17:44",delivery,2024-08-20
100766,1040.00,paid,delivered,"2024-08-20 14:56:05",delivery,2024-08-20
100767,400.00,unpaid,canceled,"2024-08-20 15:14:09",delivery,2024-08-20
100768,500.00,paid,delivered,"2024-08-21 06:26:44",delivery,2024-08-21
100769,750.00,paid,delivered,"2024-08-21 06:29:10",delivery,2024-08-21
100770,750.00,paid,delivered,"2024-08-21 08:59:47",delivery,2024-08-21
100771,850.00,paid,delivered,"2024-08-21 12:47:54",delivery,2024-08-21
100772,600.00,paid,delivered,"2024-08-21 12:58:16",delivery,2024-08-21
100773,1300.00,unpaid,canceled,"2024-08-21 13:48:33",delivery,2024-08-21
100774,1600.00,paid,delivered,"2024-08-21 14:00:13",delivery,2024-08-21
100775,740.00,paid,delivered,"2024-08-21 14:33:33",delivery,2024-08-21
100776,600.00,unpaid,canceled,"2024-08-21 14:47:59",delivery,2024-08-21
100777,1650.00,paid,delivered,"2024-08-21 14:57:54",delivery,2024-08-21
100778,600.00,paid,delivered,"2024-08-21 15:18:09",delivery,2024-08-21
100779,750.00,unpaid,canceled,"2024-08-22 05:18:30",delivery,2024-08-22
100780,1000.00,unpaid,canceled,"2024-08-22 05:37:18",delivery,2024-08-22
100781,750.00,unpaid,canceled,"2024-08-22 05:43:46",delivery,2024-08-22
100782,750.00,paid,delivered,"2024-08-22 06:19:28",delivery,2024-08-22
100783,650.00,paid,delivered,"2024-08-22 06:29:14",delivery,2024-08-22
100784,600.00,paid,delivered,"2024-08-22 06:30:30",delivery,2024-08-22
100785,550.00,unpaid,canceled,"2024-08-22 06:41:21",delivery,2024-08-22
100786,350.00,paid,delivered,"2024-08-22 06:51:21",delivery,2024-08-22
100787,1000.00,unpaid,canceled,"2024-08-22 06:58:32",delivery,2024-08-22
100788,1000.00,paid,delivered,"2024-08-22 07:31:19",delivery,2024-08-22
100789,450.00,paid,delivered,"2024-08-22 07:36:54",delivery,2024-08-22
100790,300.00,paid,delivered,"2024-08-22 08:56:51",delivery,2024-08-22
100791,600.00,paid,delivered,"2024-08-22 09:12:14",delivery,2024-08-22
100792,250.00,paid,delivered,"2024-08-22 10:36:45",delivery,2024-08-22
100793,350.00,paid,delivered,"2024-08-22 10:48:45",delivery,2024-08-22
100794,400.00,paid,delivered,"2024-08-22 12:38:17",delivery,2024-08-22
100795,50.00,paid,delivered,"2024-08-24 04:41:12",delivery,2024-08-24
100796,150.00,unpaid,failed,"2024-08-24 07:12:03",delivery,2024-08-24
100797,950.00,paid,delivered,"2024-08-24 10:12:38",delivery,2024-08-24
100798,600.00,unpaid,canceled,"2024-08-24 11:30:15",delivery,2024-08-24
100799,400.00,paid,delivered,"2024-08-24 11:47:08",delivery,2024-08-24
100800,600.00,paid,delivered,"2024-08-24 11:49:17",delivery,2024-08-24
100801,300.00,unpaid,canceled,"2024-08-24 15:18:58",delivery,2024-08-24
100802,1250.00,paid,delivered,"2024-08-24 15:49:42",delivery,2024-08-24
100803,250.00,paid,delivered,"2024-08-25 06:08:45",delivery,2024-08-25
100804,840.00,paid,delivered,"2024-08-25 06:12:28",delivery,2024-08-25
100805,1100.00,unpaid,failed,"2024-08-25 06:15:35",delivery,2024-08-25
100806,2500.00,paid,delivered,"2024-08-25 06:26:04",delivery,2024-08-25
100807,450.00,paid,delivered,"2024-08-25 06:32:38",delivery,2024-08-25
100808,800.00,paid,delivered,"2024-08-25 07:09:20",delivery,2024-08-25
100809,700.00,unpaid,canceled,"2024-08-25 09:35:52",delivery,2024-08-25
100810,700.00,paid,delivered,"2024-08-25 09:37:25",delivery,2024-08-25
100811,250.00,paid,delivered,"2024-08-25 11:56:54",delivery,2024-08-25
100812,900.00,paid,delivered,"2024-08-25 12:46:32",delivery,2024-08-25
100813,2500.00,paid,delivered,"2024-08-25 13:58:07",delivery,2024-08-25
100814,1190.00,paid,delivered,"2024-08-25 13:59:50",delivery,2024-08-25
100815,1500.00,paid,delivered,"2024-08-25 15:26:00",delivery,2024-08-25
100816,1950.00,paid,delivered,"2024-08-26 06:43:06",delivery,2024-08-26
100817,550.00,paid,delivered,"2024-08-26 06:45:09",delivery,2024-08-26
100818,600.00,paid,delivered,"2024-08-26 07:18:28",delivery,2024-08-26
100819,570.00,paid,delivered,"2024-08-26 07:22:59",delivery,2024-08-26
100820,450.00,paid,delivered,"2024-08-26 07:32:35",delivery,2024-08-26
100821,200.00,paid,delivered,"2024-08-26 08:52:07",delivery,2024-08-26
100822,550.00,unpaid,canceled,"2024-08-26 12:17:40",delivery,2024-08-26
100823,900.00,unpaid,canceled,"2024-08-26 12:24:54",delivery,2024-08-26
100824,400.00,paid,delivered,"2024-08-26 12:26:59",delivery,2024-08-26
100825,2100.00,paid,delivered,"2024-08-26 13:17:21",delivery,2024-08-26
100826,4130.00,unpaid,canceled,"2024-08-26 14:30:03",delivery,2024-08-26
100827,4130.00,unpaid,canceled,"2024-08-26 14:49:22",delivery,2024-08-26
100828,600.00,paid,delivered,"2024-08-26 14:55:04",delivery,2024-08-26
100829,1090.00,paid,delivered,"2024-08-27 05:57:09",delivery,2024-08-27
100830,1800.00,paid,delivered,"2024-08-27 06:47:23",delivery,2024-08-27
100831,600.00,paid,delivered,"2024-08-27 06:51:30",delivery,2024-08-27
100832,2200.00,paid,delivered,"2024-08-27 08:07:39",delivery,2024-08-27
100833,1300.00,unpaid,canceled,"2024-08-27 08:35:12",delivery,2024-08-27
100834,900.00,paid,delivered,"2024-08-27 10:21:18",delivery,2024-08-27
100835,800.00,unpaid,canceled,"2024-08-27 14:01:47",delivery,2024-08-27
100836,700.00,paid,delivered,"2024-08-27 14:12:48",delivery,2024-08-27
100837,840.00,paid,delivered,"2024-08-27 14:41:27",delivery,2024-08-27
100838,1000.00,unpaid,failed,"2024-08-27 14:44:37",delivery,2024-08-27
100839,2200.00,paid,delivered,"2024-08-27 15:02:23",delivery,2024-08-27
100840,1000.00,unpaid,failed,"2024-08-27 15:05:23",delivery,2024-08-27
100841,640.00,unpaid,canceled,"2024-08-28 05:18:25",delivery,2024-08-28
100842,650.00,paid,delivered,"2024-08-28 06:06:04",delivery,2024-08-28
100843,300.00,paid,delivered,"2024-08-28 07:49:00",delivery,2024-08-28
100844,850.00,paid,delivered,"2024-08-28 08:33:28",delivery,2024-08-28
100845,600.00,paid,delivered,"2024-08-28 10:29:49",delivery,2024-08-28
100846,1400.00,paid,delivered,"2024-08-28 11:42:17",delivery,2024-08-28
100847,600.00,paid,delivered,"2024-08-28 12:50:54",delivery,2024-08-28
100848,450.00,paid,delivered,"2024-08-28 14:01:28",delivery,2024-08-28
100849,1240.00,paid,delivered,"2024-08-28 14:16:46",delivery,2024-08-28
100850,800.00,paid,delivered,"2024-08-28 14:19:06",delivery,2024-08-28
100851,500.00,paid,delivered,"2024-08-28 14:20:45",delivery,2024-08-28
100852,250.00,unpaid,canceled,"2024-08-28 18:07:50",delivery,2024-08-29
100853,360.00,unpaid,canceled,"2024-08-28 23:35:58",delivery,2024-08-29
100854,330.00,unpaid,canceled,"2024-08-29 00:26:09",delivery,2024-08-29
100855,360.00,unpaid,canceled,"2024-08-29 00:31:11",delivery,2024-08-29
100856,330.00,unpaid,canceled,"2024-08-29 00:35:37",delivery,2024-08-29
100857,330.00,unpaid,canceled,"2024-08-29 00:36:24",delivery,2024-08-29
100858,330.00,unpaid,canceled,"2024-08-29 00:40:10",delivery,2024-08-29
100859,300.00,unpaid,canceled,"2024-08-29 00:45:36",delivery,2024-08-29
100860,300.00,unpaid,canceled,"2024-08-29 05:25:39",delivery,2024-08-29
100861,675.00,unpaid,canceled,"2024-08-29 05:28:24",delivery,2024-08-29
100862,3150.00,paid,delivered,"2024-08-29 05:29:18",delivery,2024-08-29
100863,300.00,unpaid,canceled,"2024-08-29 05:54:42",delivery,2024-08-29
100864,700.00,paid,delivered,"2024-08-29 06:05:54",delivery,2024-08-29
100865,900.00,paid,delivered,"2024-08-29 06:15:09",delivery,2024-08-29
100866,4600.00,paid,delivered,"2024-08-29 07:10:06",delivery,2024-08-29
100867,450.00,paid,delivered,"2024-08-29 07:16:33",delivery,2024-08-29
100868,1200.00,paid,delivered,"2024-08-29 07:38:50",delivery,2024-08-29
100869,650.00,paid,delivered,"2024-08-29 07:43:08",delivery,2024-08-29
100870,790.00,paid,delivered,"2024-08-29 07:55:53",delivery,2024-08-29
100871,1200.00,paid,delivered,"2024-08-29 08:44:28",delivery,2024-08-29
100872,550.00,paid,delivered,"2024-08-29 10:38:42",delivery,2024-08-29
100873,300.00,paid,delivered,"2024-08-29 14:16:06",delivery,2024-08-29
100874,300.00,unpaid,canceled,"2024-08-29 14:16:32",delivery,2024-08-29
100875,250.00,paid,delivered,"2024-08-29 14:39:51",delivery,2024-08-29
100876,720.00,paid,delivered,"2024-08-29 14:45:44",delivery,2024-08-29
100877,300.00,unpaid,canceled,"2024-08-31 03:15:21",delivery,2024-08-31
100878,300.00,unpaid,canceled,"2024-08-31 01:16:52",delivery,2024-08-31
100879,300.00,unpaid,canceled,"2024-08-31 01:18:39",delivery,2024-08-31
100880,300.00,unpaid,canceled,"2024-08-31 03:20:22",delivery,2024-08-31
100881,300.00,unpaid,canceled,"2024-08-31 03:32:10",delivery,2024-08-31
100882,240.00,unpaid,canceled,"2024-08-31 02:41:31",delivery,2024-08-31
100883,330.00,unpaid,canceled,"2024-08-31 02:58:31",delivery,2024-08-31
100884,270.00,unpaid,canceled,"2024-08-31 03:00:02",delivery,2024-08-31
100885,450.00,unpaid,canceled,"2024-08-31 03:23:22",delivery,2024-08-31
100886,390.00,unpaid,canceled,"2024-08-31 03:31:07",delivery,2024-08-31
100887,390.00,unpaid,canceled,"2024-08-31 03:40:35",delivery,2024-08-31
100888,500.00,unpaid,canceled,"2024-08-31 04:06:22",delivery,2024-08-31
100889,600.00,unpaid,canceled,"2024-08-31 04:17:16",delivery,2024-08-31
100890,600.00,unpaid,canceled,"2024-08-31 04:17:27",delivery,2024-08-31
100891,825.00,paid,delivered,"2024-08-31 04:23:57",delivery,2024-08-31
100892,520.00,paid,delivered,"2024-08-31 04:39:44",delivery,2024-08-31
100893,500.00,unpaid,canceled,"2024-08-31 04:43:54",delivery,2024-08-31
100894,500.00,paid,delivered,"2024-08-31 04:55:22",delivery,2024-08-31
100895,400.00,paid,delivered,"2024-08-31 04:57:26",delivery,2024-08-31
100896,250.00,unpaid,canceled,"2024-08-31 05:12:29",delivery,2024-08-31
100897,1900.00,paid,delivered,"2024-08-31 05:55:05",delivery,2024-08-31
100898,700.00,paid,delivered,"2024-08-31 06:03:35",delivery,2024-08-31
100899,200.00,paid,delivered,"2024-08-31 06:12:15",delivery,2024-08-31
100900,300.00,paid,delivered,"2024-08-31 06:26:40",delivery,2024-08-31
100901,900.00,paid,delivered,"2024-08-31 07:02:03",delivery,2024-08-31
100902,500.00,unpaid,canceled,"2024-08-31 09:32:07",delivery,2024-08-31
100903,600.00,unpaid,canceled,"2024-08-31 09:37:02",delivery,2024-08-31
100904,2050.00,paid,delivered,"2024-08-31 10:48:58",delivery,2024-08-31
100905,1590.00,paid,delivered,"2024-08-31 13:26:43",delivery,2024-08-31
100906,1600.00,unpaid,canceled,"2024-09-01 04:17:57",delivery,2024-09-01
100907,1600.00,unpaid,canceled,"2024-09-01 04:46:49",delivery,2024-09-01
100908,2400.00,paid,delivered,"2024-09-01 05:34:14",delivery,2024-09-01
100909,300.00,paid,delivered,"2024-09-01 07:29:47",delivery,2024-09-01
100910,600.00,paid,delivered,"2024-09-01 07:32:21",delivery,2024-09-01
100911,250.00,unpaid,canceled,"2024-09-01 09:33:40",delivery,2024-09-01
100912,900.00,paid,delivered,"2024-09-01 10:06:31",delivery,2024-09-01
100913,1600.00,paid,delivered,"2024-09-01 12:25:32",delivery,2024-09-01
100914,850.00,paid,delivered,"2024-09-01 13:07:56",delivery,2024-09-01
100915,1200.00,unpaid,failed,"2024-09-02 04:55:46",delivery,2024-09-02
100916,1200.00,paid,delivered,"2024-09-02 05:30:09",delivery,2024-09-02
100917,1300.00,paid,delivered,"2024-09-02 05:34:35",delivery,2024-09-02
100918,600.00,paid,delivered,"2024-09-02 05:52:39",delivery,2024-09-02
100919,1400.00,paid,delivered,"2024-09-02 06:08:46",delivery,2024-09-02
100920,900.00,paid,delivered,"2024-09-02 07:08:26",delivery,2024-09-02
100921,900.00,paid,delivered,"2024-09-02 07:16:45",delivery,2024-09-02
100922,1650.00,unpaid,failed,"2024-09-02 11:45:22",delivery,2024-09-02
100923,400.00,unpaid,failed,"2024-09-02 12:45:59",delivery,2024-09-02
100924,600.00,paid,delivered,"2024-09-02 13:23:55",delivery,2024-09-02
100925,1790.00,paid,delivered,"2024-09-02 13:46:34",delivery,2024-09-02
100926,700.00,unpaid,canceled,"2024-09-03 04:32:03",delivery,2024-09-03
100927,400.00,paid,delivered,"2024-09-03 04:56:54",delivery,2024-09-03
100928,700.00,paid,delivered,"2024-09-03 05:05:22",delivery,2024-09-03
100929,1600.00,paid,delivered,"2024-09-03 05:30:26",delivery,2024-09-03
100930,750.00,unpaid,failed,"2024-09-03 06:08:16",delivery,2024-09-03
100931,1300.00,paid,delivered,"2024-09-03 06:26:36",delivery,2024-09-03
100932,600.00,paid,delivered,"2024-09-03 06:51:24",delivery,2024-09-03
100933,250.00,unpaid,canceled,"2024-09-03 08:27:29",delivery,2024-09-03
100934,600.00,unpaid,canceled,"2024-09-03 10:30:04",delivery,2024-09-03
100935,650.00,paid,delivered,"2024-09-03 11:09:10",delivery,2024-09-03
100936,250.00,unpaid,canceled,"2024-09-03 11:12:28",delivery,2024-09-03
100937,300.00,unpaid,failed,"2024-09-03 14:25:12",delivery,2024-09-03
100938,1600.00,paid,delivered,"2024-09-03 14:34:26",delivery,2024-09-03
100939,1490.00,paid,delivered,"2024-09-04 04:54:22",delivery,2024-09-04
100940,1450.00,paid,delivered,"2024-09-04 05:49:28",delivery,2024-09-04
100941,1500.00,paid,delivered,"2024-09-04 06:05:39",delivery,2024-09-04
100942,600.00,paid,delivered,"2024-09-04 07:34:57",delivery,2024-09-04
100943,600.00,paid,delivered,"2024-09-04 07:39:24",delivery,2024-09-04
100944,350.00,paid,delivered,"2024-09-04 09:41:04",delivery,2024-09-04
100945,1250.00,unpaid,failed,"2024-09-04 11:37:51",delivery,2024-09-04
100946,1300.00,paid,delivered,"2024-09-04 11:59:36",delivery,2024-09-04
100947,750.00,unpaid,canceled,"2024-09-04 12:11:08",delivery,2024-09-04
100948,700.00,paid,delivered,"2024-09-04 12:19:46",delivery,2024-09-04
100949,700.00,paid,delivered,"2024-09-04 12:24:35",delivery,2024-09-04
100950,1900.00,paid,delivered,"2024-09-04 12:48:29",delivery,2024-09-04
100951,1800.00,paid,delivered,"2024-09-04 12:57:53",delivery,2024-09-04
100952,500.00,unpaid,canceled,"2024-09-05 04:32:55",delivery,2024-09-05
100953,500.00,unpaid,canceled,"2024-09-05 04:33:58",delivery,2024-09-05
100954,1000.00,paid,delivered,"2024-09-05 04:36:16",delivery,2024-09-05
100955,650.00,paid,delivered,"2024-09-05 04:46:13",delivery,2024-09-05
100956,2850.00,paid,delivered,"2024-09-05 04:58:36",delivery,2024-09-05
100957,1300.00,paid,delivered,"2024-09-05 05:13:31",delivery,2024-09-05
100958,850.00,paid,delivered,"2024-09-05 05:37:07",delivery,2024-09-05
100959,100.00,paid,delivered,"2024-09-05 05:51:49",delivery,2024-09-05
100960,1240.00,paid,delivered,"2024-09-05 05:58:20",delivery,2024-09-05
100961,450.00,paid,delivered,"2024-09-05 06:09:10",delivery,2024-09-05
100962,850.00,paid,delivered,"2024-09-05 06:29:36",delivery,2024-09-05
100963,1200.00,paid,delivered,"2024-09-05 06:40:25",delivery,2024-09-05
100964,1350.00,paid,delivered,"2024-09-05 10:27:06",delivery,2024-09-05
100965,700.00,unpaid,canceled,"2024-09-07 05:07:30",delivery,2024-09-07
100966,900.00,paid,delivered,"2024-09-07 05:37:25",delivery,2024-09-07
100967,1050.00,paid,delivered,"2024-09-07 06:03:31",delivery,2024-09-07
100968,900.00,paid,delivered,"2024-09-07 06:42:52",delivery,2024-09-07
100969,700.00,unpaid,canceled,"2024-09-07 06:43:50",delivery,2024-09-07
100970,800.00,unpaid,canceled,"2024-09-07 06:55:24",delivery,2024-09-07
100971,700.00,unpaid,canceled,"2024-09-07 07:05:24",delivery,2024-09-07
100972,600.00,unpaid,canceled,"2024-09-07 10:25:05",delivery,2024-09-07
100973,700.00,unpaid,canceled,"2024-09-08 04:26:11",delivery,2024-09-08
100974,600.00,paid,delivered,"2024-09-08 04:54:57",delivery,2024-09-08
100975,1170.00,paid,delivered,"2024-09-08 04:56:30",delivery,2024-09-08
100976,750.00,paid,delivered,"2024-09-08 05:28:34",delivery,2024-09-08
100977,1050.00,paid,delivered,"2024-09-08 06:11:54",delivery,2024-09-08
100978,1640.00,paid,delivered,"2024-09-08 06:13:27",delivery,2024-09-08
100979,1200.00,paid,delivered,"2024-09-08 06:50:16",delivery,2024-09-08
100980,900.00,paid,delivered,"2024-09-08 08:40:04",delivery,2024-09-08
100981,1150.00,unpaid,canceled,"2024-09-08 11:29:35",delivery,2024-09-08
100982,250.00,paid,delivered,"2024-09-08 11:47:27",delivery,2024-09-08
100983,1000.00,unpaid,canceled,"2024-09-08 11:51:43",delivery,2024-09-08
100984,1140.00,unpaid,canceled,"2024-09-08 11:57:58",delivery,2024-09-08
100985,1040.00,paid,delivered,"2024-09-08 12:53:15",delivery,2024-09-08
100986,1300.00,paid,delivered,"2024-09-08 13:19:47",delivery,2024-09-08
100987,300.00,unpaid,canceled,"2024-09-08 14:14:06",delivery,2024-09-08
100988,620.00,paid,delivered,"2024-09-08 14:20:34",delivery,2024-09-08
100989,790.00,paid,delivered,"2024-09-09 05:04:07",delivery,2024-09-09
100990,1050.00,paid,delivered,"2024-09-09 05:32:25",delivery,2024-09-09
100991,850.00,paid,delivered,"2024-09-09 06:18:50",delivery,2024-09-09
100992,300.00,paid,delivered,"2024-09-09 09:41:11",delivery,2024-09-09
100993,400.00,paid,delivered,"2024-09-09 09:56:12",delivery,2024-09-09
100994,400.00,paid,delivered,"2024-09-09 10:06:11",delivery,2024-09-09
100995,500.00,unpaid,canceled,"2024-09-09 10:08:15",delivery,2024-09-09
100996,3200.00,unpaid,canceled,"2024-09-09 11:02:48",delivery,2024-09-09
100997,700.00,paid,delivered,"2024-09-09 12:22:26",delivery,2024-09-09
100998,1050.00,paid,delivered,"2024-09-09 12:23:42",delivery,2024-09-09
100999,1340.00,paid,delivered,"2024-09-09 12:56:33",delivery,2024-09-09
101000,350.00,paid,delivered,"2024-09-09 13:43:55",delivery,2024-09-09
101001,1000.00,paid,delivered,"2024-09-10 04:33:22",delivery,2024-09-10
101002,580.00,paid,delivered,"2024-09-10 05:05:58",delivery,2024-09-10
101003,950.00,paid,delivered,"2024-09-10 05:07:09",delivery,2024-09-10
101004,900.00,paid,delivered,"2024-09-10 06:05:23",delivery,2024-09-10
101005,300.00,paid,delivered,"2024-09-10 07:37:33",delivery,2024-09-10
101006,500.00,paid,delivered,"2024-09-10 08:13:04",delivery,2024-09-10
101007,450.00,unpaid,canceled,"2024-09-10 08:22:18",delivery,2024-09-10
101008,300.00,paid,delivered,"2024-09-10 09:26:09",delivery,2024-09-10
101009,900.00,unpaid,canceled,"2024-09-10 10:42:05",delivery,2024-09-10
101010,1600.00,unpaid,canceled,"2024-09-10 12:09:38",delivery,2024-09-10
101011,1500.00,paid,delivered,"2024-09-10 12:29:42",delivery,2024-09-10
101012,1790.00,paid,delivered,"2024-09-10 12:52:35",delivery,2024-09-10
101013,700.00,unpaid,canceled,"2024-09-11 04:16:40",delivery,2024-09-11
101014,2310.00,paid,delivered,"2024-09-11 04:21:10",delivery,2024-09-11
101015,370.00,paid,delivered,"2024-09-11 05:39:17",delivery,2024-09-11
101016,2200.00,paid,delivered,"2024-09-11 05:42:49",delivery,2024-09-11
101017,700.00,paid,delivered,"2024-09-11 12:01:01",delivery,2024-09-11
101018,1140.00,paid,delivered,"2024-09-11 12:58:09",delivery,2024-09-11
101019,2700.00,paid,delivered,"2024-09-11 13:36:24",delivery,2024-09-11
101020,500.00,paid,delivered,"2024-09-12 04:41:22",delivery,2024-09-12
101021,1800.00,paid,delivered,"2024-09-12 04:54:22",delivery,2024-09-12
101022,1050.00,paid,delivered,"2024-09-12 05:16:01",delivery,2024-09-12
101023,840.00,paid,delivered,"2024-09-12 06:33:28",delivery,2024-09-12
101024,420.00,unpaid,delivered,"2024-09-12 07:39:08",delivery,2024-09-12
101025,1070.00,paid,delivered,"2024-09-12 07:57:48",delivery,2024-09-12
101026,500.00,paid,delivered,"2024-09-12 12:12:53",delivery,2024-09-12
101027,700.00,paid,delivered,"2024-09-12 13:40:47",delivery,2024-09-12
101028,1300.00,unpaid,canceled,"2024-09-12 14:22:33",delivery,2024-09-12
101029,350.00,paid,delivered,"2024-09-12 14:38:51",delivery,2024-09-12
101030,1300.00,unpaid,canceled,"2024-09-12 14:38:52",delivery,2024-09-12
101031,600.00,unpaid,canceled,"2024-09-13 07:23:06",delivery,2024-09-13
101032,600.00,unpaid,delivered,"2024-09-14 05:51:34",delivery,2024-09-14
101033,400.00,unpaid,canceled,"2024-09-14 06:21:43",delivery,2024-09-14
101034,200.00,unpaid,canceled,"2024-09-14 09:19:25",delivery,2024-09-14
101035,450.00,unpaid,canceled,"2024-09-14 11:34:16",delivery,2024-09-14
101036,700.00,unpaid,canceled,"2024-09-14 11:39:30",delivery,2024-09-14
101037,700.00,unpaid,canceled,"2024-09-14 11:45:10",delivery,2024-09-14
101038,700.00,paid,delivered,"2024-09-14 12:01:29",delivery,2024-09-14
101039,900.00,unpaid,canceled,"2024-09-14 12:03:56",delivery,2024-09-14
101040,450.00,unpaid,canceled,"2024-09-14 12:21:40",delivery,2024-09-14
101041,400.00,unpaid,canceled,"2024-09-14 12:31:12",delivery,2024-09-14
101042,350.00,unpaid,canceled,"2024-09-14 12:34:12",delivery,2024-09-14
101043,350.00,unpaid,canceled,"2024-09-14 12:56:13",delivery,2024-09-14
101044,350.00,unpaid,canceled,"2024-09-14 12:58:01",delivery,2024-09-14
101045,470.00,unpaid,canceled,"2024-09-14 12:58:18",delivery,2024-09-14
101046,750.00,unpaid,canceled,"2024-09-14 13:19:06",delivery,2024-09-14
101047,400.00,paid,delivered,"2024-09-14 13:39:34",delivery,2024-09-14
101048,350.00,unpaid,canceled,"2024-09-14 14:11:22",delivery,2024-09-14
101049,1000.00,unpaid,canceled,"2024-09-15 04:24:26",delivery,2024-09-15
101050,1000.00,paid,delivered,"2024-09-15 04:56:20",delivery,2024-09-15
101051,2950.00,paid,delivered,"2024-09-15 05:18:51",delivery,2024-09-15
101052,3200.00,paid,delivered,"2024-09-16 05:01:06",delivery,2024-09-16
101053,2200.00,unpaid,canceled,"2024-09-16 05:39:46",delivery,2024-09-16
101054,400.00,unpaid,canceled,"2024-09-16 05:49:17",delivery,2024-09-16
101055,1500.00,unpaid,canceled,"2024-09-16 09:18:29",delivery,2024-09-16
101056,1600.00,paid,delivered,"2024-09-16 09:39:18",delivery,2024-09-16
101057,350.00,paid,delivered,"2024-09-16 11:41:58",delivery,2024-09-16
101058,500.00,paid,delivered,"2024-09-16 12:08:55",delivery,2024-09-16
101059,2450.00,paid,delivered,"2024-09-16 13:06:42",delivery,2024-09-16
101060,550.00,paid,delivered,"2024-09-16 13:52:54",delivery,2024-09-16
101061,420.00,unpaid,canceled,"2024-09-17 04:17:56",delivery,2024-09-17
101062,2750.00,unpaid,canceled,"2024-09-17 05:40:05",delivery,2024-09-17
101063,350.00,paid,delivered,"2024-09-17 06:16:27",delivery,2024-09-17
101064,700.00,paid,delivered,"2024-09-17 09:42:28",delivery,2024-09-17
101065,650.00,paid,delivered,"2024-09-17 12:26:07",delivery,2024-09-17
101066,2350.00,paid,delivered,"2024-09-17 13:26:13",delivery,2024-09-17
101067,650.00,paid,delivered,"2024-09-18 04:58:36",delivery,2024-09-18
101068,2100.00,paid,delivered,"2024-09-18 05:07:31",delivery,2024-09-18
101069,200.00,paid,delivered,"2024-09-18 05:49:45",delivery,2024-09-18
101070,450.00,unpaid,canceled,"2024-09-18 06:38:14",delivery,2024-09-18
101071,250.00,unpaid,canceled,"2024-09-18 09:31:42",delivery,2024-09-18
101072,250.00,unpaid,canceled,"2024-09-18 10:25:13",delivery,2024-09-18
101073,300.00,unpaid,canceled,"2024-09-18 10:57:17",delivery,2024-09-18
101074,550.00,unpaid,delivered,"2024-09-18 11:57:31",delivery,2024-09-18
101075,2700.00,paid,delivered,"2024-09-19 04:58:15",delivery,2024-09-19
101076,880.00,paid,delivered,"2024-09-19 05:25:34",delivery,2024-09-19
101077,1000.00,paid,delivered,"2024-09-19 05:29:28",delivery,2024-09-19
101078,1050.00,unpaid,delivered,"2024-09-19 05:36:28",delivery,2024-09-19
101079,600.00,paid,delivered,"2024-09-19 05:46:19",delivery,2024-09-19
101080,650.00,paid,delivered,"2024-09-19 07:17:35",delivery,2024-09-19
101081,750.00,unpaid,canceled,"2024-09-19 07:27:04",delivery,2024-09-19
101082,600.00,unpaid,canceled,"2024-09-19 07:34:47",delivery,2024-09-19
101083,750.00,unpaid,canceled,"2024-09-19 07:35:06",delivery,2024-09-19
101084,600.00,unpaid,canceled,"2024-09-19 12:09:41",delivery,2024-09-19
101085,1800.00,unpaid,canceled,"2024-09-19 12:19:13",delivery,2024-09-19
101086,1800.00,unpaid,canceled,"2024-09-19 12:24:55",delivery,2024-09-19
101087,1500.00,unpaid,canceled,"2024-09-19 12:39:18",delivery,2024-09-19
101088,1380.00,unpaid,canceled,"2024-09-19 12:40:33",delivery,2024-09-19
101089,600.00,unpaid,canceled,"2024-09-19 12:50:02",delivery,2024-09-19
101090,500.00,unpaid,canceled,"2024-09-19 13:25:13",delivery,2024-09-19
101091,1500.00,unpaid,canceled,"2024-09-19 14:22:14",delivery,2024-09-19
101092,600.00,unpaid,canceled,"2024-09-20 12:33:42",delivery,2024-09-20
101093,900.00,unpaid,canceled,"2024-09-20 12:38:18",delivery,2024-09-20
101094,300.00,unpaid,canceled,"2024-09-20 13:22:27",delivery,2024-09-20
101095,1090.00,unpaid,canceled,"2024-09-21 05:36:27",delivery,2024-09-21
101096,1530.00,unpaid,canceled,"2024-09-21 05:44:23",delivery,2024-09-21
101097,1000.00,unpaid,canceled,"2024-09-21 05:50:08",delivery,2024-09-21
101098,990.00,unpaid,canceled,"2024-09-21 06:20:00",delivery,2024-09-21
101099,1250.00,unpaid,canceled,"2024-09-21 06:25:22",delivery,2024-09-21
101100,1400.00,unpaid,canceled,"2024-09-21 10:11:17",delivery,2024-09-21
101101,650.00,unpaid,canceled,"2024-09-21 10:18:00",delivery,2024-09-21
101102,2100.00,unpaid,canceled,"2024-09-21 10:37:49",delivery,2024-09-21
101103,500.00,unpaid,canceled,"2024-09-21 11:02:36",delivery,2024-09-21
101104,300.00,unpaid,canceled,"2024-09-21 11:22:24",delivery,2024-09-21
101105,580.00,unpaid,canceled,"2024-09-21 11:25:24",delivery,2024-09-21
101106,400.00,unpaid,canceled,"2024-09-22 04:46:23",delivery,2024-09-22
101107,350.00,unpaid,canceled,"2024-09-22 04:49:55",delivery,2024-09-22
101108,850.00,unpaid,canceled,"2024-09-22 08:18:19",delivery,2024-09-22
101109,850.00,unpaid,canceled,"2024-09-22 08:33:26",delivery,2024-09-22
101110,800.00,unpaid,canceled,"2024-09-22 08:47:29",delivery,2024-09-22
101111,650.00,unpaid,canceled,"2024-09-22 12:21:49",delivery,2024-09-22
101112,440.00,unpaid,canceled,"2024-09-22 12:39:15",delivery,2024-09-22
101113,1800.00,unpaid,canceled,"2024-09-23 04:29:30",delivery,2024-09-23
101114,900.00,unpaid,canceled,"2024-09-23 04:39:02",delivery,2024-09-23
101115,700.00,unpaid,canceled,"2024-09-23 04:41:46",delivery,2024-09-23
101116,2100.00,unpaid,canceled,"2024-09-23 04:43:57",delivery,2024-09-23
101117,1800.00,unpaid,canceled,"2024-09-23 04:50:00",delivery,2024-09-23
101118,1600.00,paid,delivered,"2024-09-23 05:38:35",delivery,2024-09-23
101119,1050.00,unpaid,delivered,"2024-09-24 05:50:33",delivery,2024-09-24
101120,1100.00,unpaid,canceled,"2024-09-24 08:24:45",delivery,2024-09-24
101121,200.00,unpaid,canceled,"2024-09-25 05:25:10",delivery,2024-09-25
101122,600.00,unpaid,canceled,"2024-09-25 10:31:07",delivery,2024-09-25
101123,1150.00,unpaid,canceled,"2024-09-26 05:43:23",delivery,2024-09-26
101124,1100.00,unpaid,pending,"2024-09-26 05:51:08",delivery,2024-09-26
101125,1400.00,unpaid,canceled,"2024-09-26 13:44:29",delivery,2024-09-26
101126,1050.00,unpaid,pending,"2024-09-28 05:37:48",delivery,2024-09-28
101127,750.00,unpaid,canceled,"2024-09-28 09:55:27",delivery,2024-09-28
101128,1750.00,unpaid,canceled,"2024-09-28 13:06:01",delivery,2024-09-28
101129,150.00,unpaid,canceled,"2024-09-29 07:13:07",delivery,2024-09-29
101130,1450.00,unpaid,canceled,"2024-09-29 08:06:36",delivery,2024-09-29
101131,1250.00,unpaid,canceled,"2024-09-29 08:39:27",delivery,2024-09-29
101132,1250.00,unpaid,canceled,"2024-09-29 09:12:27",delivery,2024-09-29
101133,700.00,unpaid,canceled,"2024-09-30 04:31:50",delivery,2024-09-30
101134,1400.00,unpaid,canceled,"2024-09-30 04:39:29",delivery,2024-09-30
101135,700.00,unpaid,canceled,"2024-09-30 04:48:45",delivery,2024-09-30
101136,900.00,unpaid,canceled,"2024-09-30 06:44:46",delivery,2024-09-30
101137,1180.00,unpaid,canceled,"2024-10-02 05:15:35",delivery,2024-10-02
101138,450.00,unpaid,canceled,"2024-10-03 07:47:20",delivery,2024-10-03
101139,850.00,unpaid,canceled,"2024-10-04 13:00:32",delivery,2024-10-04
101140,2550.00,unpaid,canceled,"2024-10-05 04:17:28",delivery,2024-10-05
101141,1050.00,unpaid,canceled,"2024-10-10 13:08:28",delivery,2024-10-10
101142,1000.00,unpaid,canceled,"2024-10-11 12:10:08",delivery,2024-10-11
101143,1000.00,unpaid,canceled,"2024-10-11 12:21:39",delivery,2024-10-11
101144,300.00,unpaid,processing,"2024-10-11 16:24:23",delivery,2024-10-11
101145,1100.00,unpaid,canceled,"2024-10-14 07:59:39",delivery,2024-10-14
101146,1600.00,unpaid,canceled,"2024-10-23 12:35:09",delivery,2024-10-23
101147,1750.00,unpaid,canceled,"2024-10-23 12:39:27",delivery,2024-10-23
101148,500.00,unpaid,pending,"2025-04-20 06:47:08",delivery,2025-04-20
101149,1300.00,unpaid,canceled,"2025-04-25 10:25:23",delivery,2025-04-25
101150,750.00,unpaid,canceled,"2025-05-13 10:38:03",delivery,2025-05-13
101151,550.00,unpaid,canceled,"2025-05-16 13:49:18",delivery,2025-05-16
101152,550.00,unpaid,canceled,"2025-05-16 14:23:24",delivery,2025-05-16
